date,rainfall_mm
2024-01-01,12.4
2024-01-02,3.4
2024-01-03,0.2
2024-01-04,36.4
2024-01-05,0.0
2024-01-06,0.2
2024-01-07,0.0
2024-01-08,0.0
2024-01-09,0.0
2024-01-10,0.0
2024-01-11,0.0
2024-01-12,0.0
2024-01-13,0.0
2024-01-14,0.2
2024-01-15,0.0
2024-01-16,0.0
2024-01-17,0.0
2024-01-18,0.0
2024-01-19,0.0
2024-01-20,2.0
2024-01-21,11.2
2024-01-22,0.6
2024-01-23,0.8
2024-01-24,0.2
2024-01-25,3.8
2024-01-26,0.0
2024-01-27,0.0
2024-01-28,0.0
2024-01-29,0.0
2024-01-30,0.0
2024-01-31,0.0
2024-02-01,0.0
2024-02-02,0.0
2024-02-03,0.2
2024-02-04,0.0
2024-02-05,0.0
2024-02-06,8.6
2024-02-07,7.8
2024-02-08,17.6
2024-02-09,4.8
2024-02-10,0.6
2024-02-11,0.6
2024-02-12,0.2
2024-02-13,2.0
2024-02-14,1.0
2024-02-15,0.8
2024-02-16,0.0
2024-02-17,12.0
2024-02-18,0.4
2024-02-19,0.0
2024-02-20,0.8
2024-02-21,3.6
2024-02-22,12.8
2024-02-23,1.2
2024-02-24,2.0
2024-02-25,14.4
2024-02-26,0.0
2024-02-27,0.0
2024-02-28,0.6
2024-02-29,14.6
2024-03-01,20.2
2024-03-02,3.0
2024-03-03,0.0
2024-03-04,2.0
2024-03-05,0.0
2024-03-06,0.0
2024-03-07,0.0
2024-03-08,0.0
2024-03-09,1.2
2024-03-10,6.0
2024-03-11,6.8
2024-03-12,4.0
2024-03-13,0.0
2024-03-14,0.8
2024-03-15,2.8
2024-03-16,2.8
2024-03-17,0.4
2024-03-18,0.0
2024-03-19,0.0
2024-03-20,0.0
2024-03-21,0.0
2024-03-22,0.2
2024-03-23,0.6
2024-03-24,0.2
2024-03-25,0.0
2024-03-26,14.2
2024-03-27,11.8
2024-03-28,13.0
2024-03-29,1.0
2024-03-30,0.0
2024-03-31,0.0
2024-04-01,3.4
2024-04-02,6.4
2024-04-03,2.2
2024-04-04,4.4
2024-04-05,0.0
2024-04-06,0.0
2024-04-07,0.0
2024-04-08,2.2
2024-04-09,0.4
2024-04-10,1.2
2024-04-11,0.0
2024-04-12,0.0
2024-04-13,0.0
2024-04-14,2.4
2024-04-15,1.4
2024-04-16,0.6
2024-04-17,0.0
2024-04-18,0.4
2024-04-19,0.4
2024-04-20,0.0
2024-04-21,0.0
2024-04-22,0.8
2024-04-23,0.0
2024-04-24,0.0
2024-04-25,2.0
2024-04-26,4.0
2024-04-27,28.0
2024-04-28,0.0
2024-04-29,0.0
2024-04-30,0.0
2024-05-01,6.8
2024-05-02,1.0
2024-05-03,0.2
2024-05-04,0.0
2024-05-05,6.0
2024-05-06,10.4
2024-05-07,0.0
2024-05-08,0.0
2024-05-09,0.0
2024-05-10,0.0
2024-05-11,0.0
2024-05-12,0.0
2024-05-13,4.2
2024-05-14,0.2
2024-05-15,0.0
2024-05-16,0.0
2024-05-17,0.0
2024-05-18,0.0
2024-05-19,0.0
2024-05-20,0.0
2024-05-21,1.0
2024-05-22,1.8
2024-05-23,0.0
2024-05-24,0.0
2024-05-25,6.2
2024-05-26,1.6
2024-05-27,4.8
2024-05-28,1.0
2024-05-29,0.0
2024-05-30,3.4
2024-05-31,0.0
2024-06-01,0.0
2024-06-02,0.0
2024-06-03,0.0
2024-06-04,1.0
2024-06-05,0.0
2024-06-06,0.0
2024-06-07,0.0
2024-06-08,0.0
2024-06-09,0.4
2024-06-10,0.0
2024-06-11,1.8
2024-06-12,0.0
2024-06-13,1.8
2024-06-14,0.6
2024-06-15,2.2
2024-06-16,0.0
2024-06-17,0.0
2024-06-18,0.0
2024-06-19,0.0
2024-06-20,0.0
2024-06-21,0.0
2024-06-22,0.0
2024-06-23,0.0
2024-06-24,0.0
2024-06-25,0.0
2024-06-26,0.0
2024-06-27,0.0
2024-06-28,0.0
2024-06-29,0.0
2024-06-30,0.0
2024-07-01,0.0
2024-07-02,0.0
2024-07-03,0.2
2024-07-04,6.2
2024-07-05,8.8
2024-07-06,1.0
2024-07-07,13.6
2024-07-08,5.2
2024-07-09,3.8
2024-07-10,0.0
2024-07-11,0.0
2024-07-12,0.0
2024-07-13,1.2
2024-07-14,0.0
2024-07-15,22.0
2024-07-16,0.0
2024-07-17,0.0
2024-07-18,0.0
2024-07-19,0.0
2024-07-20,0.0
2024-07-21,0.0
2024-07-22,0.0
2024-07-23,0.0
2024-07-24,0.0
2024-07-25,1.2
2024-07-26,0.0
2024-07-27,0.0
2024-07-28,0.0
2024-07-29,0.0
2024-07-30,0.0
2024-07-31,0.0
2024-08-01,24.4
2024-08-02,0.0
2024-08-03,0.0
2024-08-04,0.0
2024-08-05,0.0
2024-08-06,3.8
2024-08-07,0.0
2024-08-08,0.6
2024-08-09,0.0
2024-08-10,0.0
2024-08-11,0.0
2024-08-12,0.0
2024-08-13,8.4
2024-08-14,0.0
2024-08-15,1.8
2024-08-16,0.0
2024-08-17,0.0
2024-08-18,0.0
2024-08-19,0.0
2024-08-20,0.0
2024-08-21,0.0
2024-08-22,1.0
2024-08-23,5.6
2024-08-24,4.6
2024-08-25,0.2
2024-08-26,0.0
2024-08-27,0.0
2024-08-28,0.0
2024-08-29,0.0
2024-08-30,0.0
2024-08-31,0.0
2024-09-01,0.0
2024-09-02,1.8
2024-09-03,0.0
2024-09-04,3.0
2024-09-05,34.0
2024-09-06,3.6
2024-09-07,2.8
2024-09-08,16.0
2024-09-09,0.0
2024-09-10,2.2
2024-09-11,0.4
2024-09-12,1.6
2024-09-13,0.0
2024-09-14,0.0
2024-09-15,0.0
2024-09-16,0.0
2024-09-17,0.0
2024-09-18,0.0
2024-09-19,0.0
2024-09-20,11.4
2024-09-21,8.2
2024-09-22,18.6
2024-09-23,2.4
2024-09-24,2.8
2024-09-25,10.8
2024-09-26,4.8
2024-09-27,3.2
2024-09-28,0.0
2024-09-29,14.8
2024-09-30,0.0
2024-10-01,7.6
2024-10-02,1.6
2024-10-03,0.0
2024-10-04,0.0
2024-10-05,0.0
2024-10-06,1.4
2024-10-07,13.0
2024-10-08,12.6
2024-10-09,0.2
2024-10-10,0.0
2024-10-11,0.0
2024-10-12,2.4
2024-10-13,25.6
2024-10-14,1.6
2024-10-15,0.4
2024-10-16,3.2
2024-10-17,0.0
2024-10-18,6.6
2024-10-19,0.8
2024-10-20,3.0
2024-10-21,0.2
2024-10-22,0.4
2024-10-23,0.2
2024-10-24,0.0
2024-10-25,0.0
2024-10-26,0.0
2024-10-27,0.8
2024-10-28,0.6
2024-10-29,0.0
2024-10-30,0.0
2024-10-31,0.0
2024-11-01,0.0
2024-11-02,0.2
2024-11-03,0.0
2024-11-04,0.0
2024-11-05,0.0
2024-11-06,0.2
2024-11-07,0.0
2024-11-08,0.0
2024-11-09,0.0
2024-11-10,0.0
2024-11-11,0.0
2024-11-12,0.2
2024-11-13,0.0
2024-11-14,0.0
2024-11-15,0.0
2024-11-16,0.4
2024-11-17,5.8
2024-11-18,10.0
2024-11-19,2.4
2024-11-20,0.2
2024-11-21,0.0
2024-11-22,1.2
2024-11-23,11.6
2024-11-24,12.2
2024-11-25,0.0
2024-11-26,27.2
2024-11-27,0.0
2024-11-28,0.2
2024-11-29,0.0
2024-11-30,0.2
2024-12-01,5.0
2024-12-02,0.0
2024-12-03,0.0
2024-12-04,8.2
2024-12-05,4.6
2024-12-06,3.8
2024-12-07,3.4
2024-12-08,2.0
2024-12-09,0.6
2024-12-10,0.0
2024-12-11,0.0
2024-12-12,1.0
2024-12-13,0.0
2024-12-14,0.0
2024-12-15,0.0
2024-12-16,0.0
2024-12-17,2.8
2024-12-18,3.2
2024-12-19,0.0
2024-12-20,2.4
2024-12-21,0.8
2024-12-22,0.0
2024-12-23,0.0
2024-12-24,0.0
2024-12-25,0.2
2024-12-26,0.2
2024-12-27,0.2
2024-12-28,0.2
2024-12-29,0.0
2024-12-30,0.0
2024-12-31,0.4
2025-01-01,12.0
2025-01-02,0.0
2025-01-03,0.0
2025-01-04,20.2
2025-01-05,17.8
2025-01-06,0.2
2025-01-07,0.0
2025-01-08,2.6
2025-01-09,0.0
2025-01-10,0.2
2025-01-11,0.2
2025-01-12,0.0
2025-01-13,0.0
2025-01-14,0.2
2025-01-15,0.0
2025-01-16,0.0
2025-01-17,0.0
2025-01-18,0.0
2025-01-19,0.0
2025-01-20,0.2
2025-01-21,0.2
2025-01-22,0.0
2025-01-23,10.8
2025-01-24,0.8
2025-01-25,0.0
2025-01-26,26.6
2025-01-27,8.4
2025-01-28,0.4
2025-01-29,0.0
2025-01-30,7.0
2025-01-31,2.0
2025-02-01,0.0
2025-02-02,0.2
2025-02-03,0.0
2025-02-04,0.2
2025-02-05,0.0
2025-02-06,0.2
2025-02-07,5.6
2025-02-08,1.0
2025-02-09,3.8
2025-02-10,0.4
2025-02-11,0.0
2025-02-12,0.0
2025-02-13,0.0
2025-02-14,0.0
2025-02-15,1.0
2025-02-16,0.0
2025-02-17,0.0
2025-02-18,0.0
2025-02-19,1.2
2025-02-20,2.8
2025-02-21,10.8
2025-02-22,0.2
2025-02-23,14.6
2025-02-24,1.2
