date,rainfall_mm
2013-03-19,1.58
2013-03-20,0.0
2013-03-21,8.27
2013-03-22,8.31
2013-03-23,3.68
2013-03-24,0.0
2013-03-25,0.01
2013-03-26,0.0
2013-03-27,0.0
2013-03-28,0.0
2013-03-29,0.0
2013-03-30,0.0
2013-03-31,0.0
2013-04-01,0.0
2013-04-02,0.0
2013-04-03,0.02
2013-04-04,0.0
2013-04-05,0.0
2013-04-06,0.0
2013-04-07,0.0
2013-04-08,2.66
2013-04-09,0.12
2013-04-10,14.89
2013-04-11,1.86
2013-04-12,4.46
2013-04-13,4.65
2013-04-14,0.0
2013-04-15,0.0
2013-04-16,0.1
2013-04-17,0.0
2013-04-18,1.28
2013-04-19,0.0
2013-04-20,0.0
2013-04-21,0.0
2013-04-22,0.0
2013-04-23,0.0
2013-04-24,0.1
2013-04-25,6.07
2013-04-26,0.0
2013-04-27,1.65
2013-04-28,0.0
2013-04-29,0.0
2013-04-30,0.0
2013-05-01,0.0
2013-05-02,0.0
2013-05-03,0.0
2013-05-04,0.1
2013-05-05,0.0
2013-05-06,0.0
2013-05-07,1.24
2013-05-08,0.29
2013-05-09,2.25
2013-05-10,2.05
2013-05-11,0.83
2013-05-12,0.9
2013-05-13,0.0
2013-05-14,9.54
2013-05-15,0.15
2013-05-16,0.34
2013-05-17,0.0
2013-05-18,0.0
2013-05-19,0.45
2013-05-20,0.0
2013-05-21,0.0
2013-05-22,0.0
2013-05-23,2.86
2013-05-24,4.39
2013-05-25,0.0
2013-05-26,0.0
2013-05-27,8.38
2013-05-28,10.17
2013-05-29,3.41
2013-05-30,0.28
2013-05-31,0.0
2013-06-01,0.0
2013-06-02,0.0
2013-06-03,0.0
2013-06-04,0.0
2013-06-05,0.0
2013-06-06,0.0
2013-06-07,0.0
2013-06-08,0.0
2013-06-09,0.0
2013-06-10,0.19
2013-06-11,0.23
2013-06-12,1.84
2013-06-13,0.0
2013-06-14,2.47
2013-06-15,4.91
2013-06-16,0.66
2013-06-17,0.0
2013-06-18,0.0
2013-06-19,0.0
2013-06-20,0.0
2013-06-21,2.83
2013-06-22,2.27
2013-06-23,1.78
2013-06-24,0.27
2013-06-25,0.26
2013-06-26,0.0
2013-06-27,2.05
2013-06-28,0.04
2013-06-29,0.0
2013-06-30,0.17
2013-07-01,0.08
2013-07-02,0.33
2013-07-26,0.0
2013-07-27,8.6
2013-07-28,0.28
2013-07-29,14.15
2013-07-30,4.53
2013-07-31,0.0
2013-08-01,0.09
2013-08-02,0.0
2013-08-03,0.0
2013-08-04,0.18
2013-08-05,5.82
2013-08-06,0.0
2013-08-07,0.0
2013-08-08,1.59
2013-08-09,0.0
2013-08-10,0.0
2013-08-11,0.0
2013-08-12,0.0
2013-08-13,0.09
2013-08-14,2.24
2013-08-15,1.04
2013-08-16,1.07
2013-08-17,0.56
2013-08-18,0.19
2013-08-19,0.0
2013-08-20,0.0
2013-08-21,1.7
2013-08-22,0.09
2013-08-23,0.09
2013-08-24,5.13
2013-08-25,0.0
2013-08-26,0.0
2013-08-27,0.0
2013-08-28,0.0
2013-08-29,0.0
2013-08-30,0.0
2013-08-31,0.0
2013-09-01,0.09
2013-09-02,0.0
2013-09-03,0.0
2013-09-04,0.0
2013-09-05,0.37
2013-09-06,0.37
2013-09-07,0.0
2013-09-08,5.68
2013-09-09,4.71
2013-09-10,0.0
2013-09-11,4.18
2013-09-12,0.55
2013-09-13,23.2
2013-09-14,0.0
2013-09-15,0.75
2013-09-16,0.0
2013-09-17,6.15
2013-09-18,0.0
2013-09-19,0.66
2013-09-20,0.0
2013-09-21,0.0
2013-09-22,0.0
2013-09-23,0.0
2013-09-24,0.0
2013-09-25,0.57
2013-09-26,0.0
2013-09-27,0.0
2013-09-28,0.37
2013-09-29,0.0
2013-09-30,0.0
2013-10-01,0.57
2013-10-02,0.0
2013-10-03,0.66
2013-10-04,0.0
2013-10-05,0.0
2013-10-06,0.0
2013-10-07,0.0
2013-10-08,0.0
2013-10-09,0.0
2013-10-10,0.0
2013-10-11,1.9
2013-10-12,0.83
2013-10-13,7.01
2013-10-14,7.52
2013-10-15,0.19
2013-10-16,4.28
2013-10-17,0.0
2013-10-18,1.95
2013-10-19,6.48
2013-10-20,10.05
2013-10-21,2.07
2013-10-22,11.79
2013-10-23,0.0
2013-10-24,2.76
2013-10-25,0.0
2013-10-26,4.71
2013-10-27,21.94
2013-10-28,1.06
2013-10-29,0.0
2013-10-30,1.39
2013-10-31,1.28
2013-11-01,1.18
2013-11-02,0.09
2013-11-03,16.5
2013-11-04,5.87
2013-11-05,2.77
2013-11-06,2.39
2013-11-07,0.0
2013-11-08,5.01
2013-11-09,7.07
2013-11-10,1.0
2013-11-11,2.0
2013-11-12,0.0
2013-11-13,0.09
2013-11-14,0.0
2013-11-15,0.0
2013-11-16,0.0
2013-11-17,0.0
2013-11-18,0.18
2013-11-19,0.0
2013-11-20,6.18
2013-11-21,0.0
2013-11-22,0.0
2013-11-23,0.0
2013-11-24,0.0
2013-11-25,0.0
2013-11-26,0.09
2013-11-27,0.0
2013-11-28,0.0
2013-11-29,0.0
2013-11-30,0.0
2013-12-01,0.0
2013-12-02,0.0
2013-12-03,0.0
2013-12-04,0.46
2013-12-05,0.39
2013-12-06,0.0
2013-12-07,0.0
2013-12-08,0.0
2013-12-09,0.0
2013-12-10,0.0
2013-12-11,0.18
2013-12-12,0.09
2013-12-13,0.85
2013-12-14,2.0
2013-12-15,9.99
2013-12-16,10.16
2013-12-17,2.31
2013-12-18,9.49
2013-12-19,0.77
2013-12-20,4.46
2013-12-21,6.38
2013-12-22,0.09
2013-12-23,28.73
2013-12-24,2.93
2013-12-25,6.14
2013-12-26,3.22
2013-12-27,0.0
2013-12-28,0.0
2013-12-29,0.83
2013-12-30,5.27
2013-12-31,5.27
2014-01-01,14.71
2014-01-02,6.09
2014-01-03,14.79
2014-01-04,6.45
2014-01-05,6.82
2014-01-06,1.99
2014-01-07,3.33
2014-01-08,2.97
2014-01-09,0.0
2014-01-10,1.97
2014-01-11,0.0
2014-01-12,4.78
2014-01-13,3.25
2014-01-14,4.47
2014-01-15,2.51
2014-01-16,11.73
2014-01-17,0.65
2014-01-18,3.59
2014-01-19,0.0
2014-01-20,0.0
2014-01-21,7.38
2014-01-22,0.0
2014-01-23,0.58
2014-01-24,8.28
2014-01-25,1.87
2014-01-26,7.9
2014-01-27,3.53
2014-01-28,1.43
2014-01-29,9.3
2014-01-30,0.0
2014-01-31,14.63
2014-02-01,0.0
2014-02-02,0.0
2014-02-03,0.46
2014-02-04,16.35
2014-02-05,2.99
2014-02-06,24.47
2014-02-07,5.4
2014-02-08,1.64
2014-02-09,0.09
2014-02-10,2.44
2014-02-11,3.41
2014-02-12,6.83
2014-02-13,0.88
2014-02-14,16.64
2014-02-15,0.39
2014-02-16,0.0
2014-02-17,5.23
2014-02-18,3.54
2014-02-19,1.03
2014-02-20,0.66
2014-02-21,0.0
2014-02-22,0.18
2014-02-23,0.09
2014-02-24,2.47
2014-02-25,5.63
2014-02-26,3.06
2014-02-27,6.34
2014-02-28,1.57
2014-03-01,0.0
2014-03-02,8.35
2014-03-03,0.97
2014-03-04,0.0
2014-03-05,0.0
2014-03-06,0.0
2014-03-07,0.09
2014-03-08,0.0
2014-03-09,0.0
2014-03-10,0.0
2014-03-11,0.0
2014-03-12,0.0
2014-03-13,0.0
2014-03-14,0.0
2014-03-15,0.0
2014-03-16,0.0
2014-03-17,0.0
2014-03-18,0.0
2014-03-19,0.0
2014-03-20,3.11
2014-03-21,2.35
2014-03-22,0.0
2014-03-23,1.58
2014-03-24,4.17
2014-03-25,1.18
2014-03-26,2.38
2014-03-27,0.48
2014-03-28,0.09
2014-03-29,0.0
2014-03-30,0.0
2014-03-31,0.09
2014-04-01,0.0
2014-04-02,0.0
2014-04-03,0.0
2014-04-04,0.0
2014-04-05,2.84
2014-04-06,2.0
2014-04-07,3.96
2014-04-08,0.0
2014-04-09,0.0
2014-04-10,0.0
2014-04-11,0.0
2014-04-12,0.0
2014-04-13,0.0
2014-04-14,0.0
2014-04-15,0.0
2014-04-16,0.0
2014-04-17,0.0
2014-04-18,0.0
2014-04-19,0.0
2014-04-20,13.43
2014-04-21,15.7
2014-04-22,0.68
2014-04-23,2.19
2014-04-24,7.05
2014-04-25,14.68
2014-04-26,3.39
2014-04-27,1.67
2014-04-28,0.0
2014-04-29,13.49
2014-04-30,2.1
2014-05-01,8.34
2014-05-02,0.0
2014-05-03,0.0
2014-05-04,0.0
2014-05-05,0.62
2014-05-06,1.89
2014-05-07,0.61
2014-05-08,1.83
2014-05-09,3.44
2014-05-10,3.31
2014-05-11,0.0
2014-05-12,3.16
2014-05-13,0.0
2014-05-14,0.0
2014-05-15,0.0
2014-05-16,0.0
2014-05-17,0.0
2014-05-18,0.0
2014-05-19,0.0
2014-05-20,0.0
2014-05-21,7.54
2014-05-22,5.17
2014-05-23,14.16
2014-05-24,2.83
2014-05-25,2.73
2014-05-26,8.69
2014-05-27,6.58
2014-05-28,0.05
2014-05-29,3.57
2014-05-30,0.0
2014-05-31,0.0
2014-06-01,0.09
2014-06-02,0.43
2014-06-03,2.84
2014-06-04,1.89
2014-06-05,0.0
2014-06-06,1.58
2014-06-07,4.43
2014-06-08,0.0
2014-06-09,0.18
2014-06-10,0.0
2014-06-11,0.0
2014-06-12,0.0
2014-06-13,31.11
2014-06-14,0.34
2014-06-15,0.0
2014-06-16,0.0
2014-06-17,0.0
2014-06-18,0.0
2014-06-19,0.0
2014-06-20,0.0
2014-06-21,0.0
2014-06-22,0.0
2014-06-23,0.0
2014-06-24,0.0
2014-06-25,0.0
2014-06-26,2.56
2014-06-27,0.11
2014-06-28,6.04
2014-06-29,0.0
2014-06-30,0.0
2014-07-01,0.0
2014-07-02,0.0
2014-07-03,0.0
2014-07-04,3.06
2014-07-05,0.04
2014-07-06,0.0
2014-07-07,1.78
2014-07-08,7.46
2014-07-09,0.0
2014-07-10,0.0
2014-07-11,0.44
2014-07-12,0.7
2014-07-13,0.0
2014-07-14,0.0
2014-07-15,0.0
2014-07-16,0.0
2014-07-17,12.71
2014-07-18,4.32
2014-07-19,0.0
2014-07-20,0.0
2014-07-21,0.0
2014-07-22,0.0
2014-07-23,0.0
2014-07-24,0.0
2014-07-25,3.45
2014-07-26,0.0
2014-07-27,0.0
2014-07-28,0.0
2014-07-29,0.0
2014-07-30,0.0
2014-07-31,0.0
2014-08-01,0.0
2014-08-02,9.89
2014-08-03,0.0
2014-08-04,0.0
2014-08-05,6.52
2014-08-06,0.0
2014-08-07,0.0
2014-08-08,13.24
2014-08-09,6.95
2014-08-10,1.35
2014-08-11,4.87
2014-08-12,4.52
2014-08-13,0.15
2014-08-14,3.87
2014-08-15,0.0
2014-08-16,0.0
2014-08-17,1.63
2014-08-18,0.76
2014-08-19,0.15
2014-08-20,0.15
2014-08-21,0.0
2014-08-22,0.25
2014-08-23,0.0
2014-08-24,1.29
2014-08-25,18.73
2014-08-26,3.32
2014-08-27,1.17
2014-08-28,0.0
2014-08-29,0.42
2014-08-30,0.0
2014-08-31,0.55
2014-09-01,1.98
2014-09-02,0.0
2014-09-03,0.0
2014-09-04,0.0
2014-09-05,0.0
2014-09-06,0.0
2014-09-07,0.0
2014-09-08,0.0
2014-09-09,0.0
2014-09-10,0.0
2014-09-11,0.0
2014-09-12,0.0
2014-09-13,0.0
2014-09-14,0.0
2014-09-15,0.0
2014-09-16,0.04
2014-09-17,0.0
2014-09-18,1.71
2014-09-19,1.54
2014-09-20,0.0
2014-09-21,0.0
2014-09-22,0.0
2014-09-25,0.0
2014-09-26,0.0
2014-09-27,0.0
2014-09-28,0.0
2014-09-29,0.04
2014-09-30,0.5
2014-10-01,0.0
2014-10-02,0.0
2014-10-03,0.19
2014-10-04,5.34
2014-10-05,1.89
2014-10-06,10.86
2014-10-07,2.52
2014-10-08,2.18
2014-10-09,5.56
2014-10-10,3.35
2014-10-11,0.0
2014-10-12,13.67
2014-10-13,13.79
2014-10-14,1.98
2014-10-15,7.75
2014-10-16,9.16
2014-10-17,0.98
2014-10-18,1.35
2014-10-19,0.05
2014-10-20,3.47
2014-10-21,0.0
2014-10-22,0.0
2014-10-23,1.07
2014-10-24,0.42
2014-10-25,0.0
2014-10-26,0.0
2014-10-27,0.0
2014-10-28,0.22
2014-10-29,1.61
2014-10-30,0.0
2014-10-31,0.7
2014-11-01,3.42
2014-11-02,3.62
2014-11-03,2.85
2014-11-04,1.35
2014-11-05,0.0
2014-11-06,7.77
2014-11-07,0.12
2014-11-08,5.25
2014-11-09,0.0
2014-11-10,0.41
2014-11-11,5.11
2014-11-12,2.53
2014-11-13,11.48
2014-11-14,2.53
2014-11-15,0.0
2014-11-16,8.71
2014-11-17,0.56
2014-11-18,0.0
2014-11-19,0.0
2014-11-20,0.0
2014-11-21,1.25
2014-11-22,10.45
2014-11-23,6.53
2014-11-24,0.1
2014-11-25,12.45
2014-11-26,1.25
2014-11-27,0.0
2014-11-28,0.32
2014-11-29,0.0
2014-11-30,0.0
2014-12-01,0.07
2014-12-02,0.0
2014-12-03,0.0
2014-12-04,0.25
2014-12-05,0.07
2014-12-06,0.09
2014-12-07,0.2
2014-12-08,0.0
2014-12-09,1.62
2014-12-10,0.0
2014-12-11,10.19
2014-12-12,0.0
2014-12-13,0.13
2014-12-14,0.71
2014-12-15,0.0
2014-12-16,10.86
2014-12-17,0.9
2014-12-18,1.29
2014-12-19,0.0
2014-12-20,0.0
2014-12-21,0.0
2014-12-22,0.0
2014-12-23,1.38
2014-12-24,0.0
2014-12-25,0.0
2014-12-26,11.06
2014-12-27,0.0
2014-12-28,0.0
2014-12-29,0.2
2014-12-30,0.15
2014-12-31,1.4
2015-01-01,2.06
2015-01-02,8.2
2015-01-03,1.73
2015-01-04,0.0
2015-01-05,0.0
2015-01-06,0.78
2015-01-07,6.51
2015-01-08,5.34
2015-01-09,0.23
2015-01-10,0.23
2015-01-11,0.0
2015-01-12,8.4
2015-01-13,4.01
2015-01-14,11.57
2015-01-15,0.07
2015-01-16,0.0
2015-01-17,1.99
2015-01-18,0.0
2015-01-19,0.0
2015-01-20,0.39
2015-01-21,0.0
2015-01-22,0.0
2015-01-23,2.43
2015-01-24,0.0
2015-01-25,0.31
2015-01-26,0.0
2015-01-27,0.36
2015-01-28,0.59
2015-01-29,2.27
2015-01-30,3.06
2015-01-31,0.76
2015-02-01,0.0
2015-02-02,1.08
2015-02-03,0.0
2015-02-04,0.07
2015-02-05,0.0
2015-02-06,0.0
2015-02-07,0.0
2015-02-08,0.0
2015-02-09,0.0
2015-02-10,0.0
2015-02-11,0.0
2015-02-12,0.07
2015-02-13,14.8
2015-02-14,0.17
2015-02-15,0.0
2015-02-16,5.44
2015-02-17,0.0
2015-02-18,0.0
2015-02-19,5.26
2015-02-20,0.83
2015-02-21,0.18
2015-02-22,4.91
2015-02-23,2.03
2015-02-24,1.36
2015-02-25,0.21
2015-02-26,3.4
2015-02-27,0.0
2015-02-28,2.02
2015-03-01,2.57
2015-03-02,0.0
2015-03-03,0.0
2015-03-04,0.0
2015-03-05,0.0
2015-03-06,0.0
2015-03-07,0.0
2015-03-08,0.0
2015-03-09,0.0
2015-03-10,0.0
2015-03-11,0.0
2015-03-12,0.0
2015-03-13,0.0
2015-03-14,0.0
2015-03-15,0.24
2015-03-16,6.16
2015-03-17,0.0
2015-03-18,0.0
2015-03-19,0.0
2015-03-20,0.0
2015-03-21,0.0
2015-03-22,0.0
2015-03-23,1.34
2015-03-24,0.0
2015-03-25,5.92
2015-03-26,1.6
2015-03-27,0.04
2015-03-28,1.68
2015-03-29,1.15
2015-03-30,1.0
2015-03-31,0.09
2015-04-01,1.72
2015-04-02,0.68
2015-04-03,1.64
2015-04-04,0.0
2015-04-05,0.0
2015-04-06,0.0
2015-04-07,0.0
2015-04-08,0.0
2015-04-09,0.0
2015-04-10,0.78
2015-04-11,0.0
2015-04-12,0.09
2015-04-13,0.0
2015-04-14,0.0
2015-04-15,0.0
2015-04-16,0.0
2015-04-17,0.0
2015-04-18,0.0
2015-04-19,0.0
2015-04-20,0.0
2015-04-21,0.0
2015-04-22,0.0
2015-04-23,0.0
2015-04-24,3.4
2015-04-25,2.27
2015-04-26,0.0
2015-04-27,0.0
2015-04-28,0.0
2015-04-29,1.52
2015-04-30,0.0
2015-05-01,0.0
2015-05-02,6.04
2015-05-03,0.0
2015-05-04,6.02
2015-05-05,2.89
2015-05-06,5.37
2015-05-07,0.0
2015-05-08,0.63
2015-05-09,0.0
2015-05-10,0.0
2015-05-11,0.16
2015-05-12,0.0
2015-05-13,0.08
2015-05-14,10.75
2015-05-15,0.0
2015-05-16,0.0
2015-05-17,1.74
2015-05-18,1.2
2015-05-19,2.65
2015-05-20,0.0
2015-05-21,0.0
2015-05-22,0.12
2015-05-23,0.0
2015-05-24,0.0
2015-05-25,0.0
2015-05-26,0.0
2015-05-27,0.0
2015-05-28,0.07
2015-05-29,2.12
2015-05-30,2.69
2015-05-31,0.21
2015-06-01,3.15
2015-06-02,0.0
2015-06-03,0.0
2015-06-04,1.19
2015-06-05,0.0
2015-06-06,0.0
2015-06-07,0.0
2015-06-08,0.0
2015-06-09,0.0
2015-06-10,0.0
2015-06-11,0.14
2015-06-12,1.97
2015-06-13,0.39
2015-06-14,0.0
2015-06-15,0.0
2015-06-16,0.0
2015-06-17,0.0
2015-06-18,0.0
2015-06-19,0.0
2015-06-20,11.76
2015-06-21,1.7
2015-06-22,1.79
2015-06-23,0.0
2015-06-24,0.0
2015-06-25,0.0
2015-06-26,0.0
2015-06-27,0.0
2015-06-28,0.79
2015-06-29,0.0
2015-06-30,0.0
2015-07-01,0.0
2015-07-02,0.0
2015-07-03,0.0
2015-07-04,0.0
2015-07-05,0.54
2015-07-06,0.19
2015-07-07,0.08
2015-07-08,0.0
2015-07-09,0.0
2015-07-10,0.0
2015-07-11,0.55
2015-07-12,4.27
2015-07-13,1.13
2015-07-14,1.36
2015-07-15,0.0
2015-07-16,0.08
2015-07-17,0.0
2015-07-18,0.81
2015-07-19,0.31
2015-07-20,0.0
2015-07-21,0.0
2015-07-22,0.0
2015-07-23,0.62
2015-07-24,35.35
2015-07-25,4.77
2015-07-26,5.42
2015-07-27,0.0
2015-07-28,0.0
2015-07-29,1.33
2015-07-30,0.0
2015-07-31,0.05
2015-08-01,0.0
2015-08-02,0.0
2015-08-03,0.0
2015-08-04,0.0
2015-08-05,0.28
2015-08-06,0.0
2015-08-07,0.0
2015-08-08,0.0
2015-08-09,0.0
2015-08-10,0.32
2015-08-11,0.45
2015-08-12,0.05
2015-08-13,9.71
2015-08-14,0.36
2015-08-15,0.07
2015-08-16,0.0
2015-08-17,0.0
2015-08-18,0.0
2015-08-19,8.34
2015-08-20,0.22
2015-08-21,0.0
2015-08-22,0.0
2015-08-23,3.83
2015-08-24,15.72
2015-08-25,8.83
2015-08-26,15.79
2015-08-27,0.0
2015-08-28,0.0
2015-08-29,2.01
2015-08-30,5.06
2015-08-31,2.31
2015-09-01,0.0
2015-09-02,0.0
2015-09-03,0.0
2015-09-04,0.06
2015-09-05,0.0
2015-09-06,0.0
2015-09-07,0.0
2015-09-08,0.0
2015-09-09,0.0
2015-09-10,0.05
2015-09-11,0.33
2015-09-12,0.0
2015-09-13,13.59
2015-09-14,0.73
2015-09-15,2.74
2015-09-16,12.97
2015-09-17,0.0
2015-09-18,0.0
2015-09-19,0.0
2015-09-20,1.08
2015-09-21,4.87
2015-09-22,5.25
2015-09-23,0.88
2015-09-24,0.0
2015-09-25,0.0
2015-09-26,0.0
2015-09-27,0.0
2015-09-28,0.0
2015-09-29,0.0
2015-09-30,0.0
2015-10-01,0.0
2015-10-02,0.0
2015-10-03,0.0
2015-10-04,1.26
2015-10-05,21.88
2015-10-06,6.75
2015-10-07,0.05
2015-10-08,0.0
2015-10-09,0.0
2015-10-10,0.0
2015-10-11,0.0
2015-10-12,0.0
2015-10-13,0.0
2015-10-14,0.0
2015-10-15,0.0
2015-10-16,0.0
2015-10-17,0.0
2015-10-18,0.0
2015-10-19,0.0
2015-10-20,4.77
2015-10-21,0.39
2015-10-22,0.0
2015-10-23,0.07
2015-10-24,2.54
2015-10-25,0.0
2015-10-26,0.0
2015-10-27,1.39
2015-10-28,0.0
2015-10-29,8.5
2015-10-30,0.42
2015-10-31,0.0
2015-11-01,0.05
2015-11-02,0.0
2015-11-03,2.81
2015-11-04,1.04
2015-11-05,3.53
2015-11-06,3.75
2015-11-07,4.83
2015-11-08,0.12
2015-11-09,0.07
2015-11-10,0.0
2015-11-11,0.0
2015-11-12,1.65
2015-11-13,2.53
2015-11-14,3.26
2015-11-15,0.05
2015-11-16,2.92
2015-11-17,8.77
2015-11-18,1.55
2015-11-19,2.38
2015-11-20,1.08
2015-11-21,0.0
2015-11-22,0.0
2015-11-23,4.92
2015-11-24,0.08
2015-11-25,0.17
2015-11-26,0.1
2015-11-27,0.53
2015-11-28,1.14
2015-11-29,2.67
2015-11-30,2.5
2015-12-01,0.0
2015-12-02,0.0
2015-12-03,3.85
2015-12-04,0.0
2015-12-05,0.12
2015-12-06,0.79
2015-12-07,2.55
2015-12-08,0.0
2015-12-09,0.12
2015-12-10,3.57
2015-12-11,0.0
2015-12-12,1.53
2015-12-13,0.0
2015-12-14,0.73
2015-12-15,4.18
2015-12-16,0.0
2015-12-17,0.68
2015-12-18,0.0
2015-12-19,0.09
2015-12-20,0.12
2015-12-21,2.44
2015-12-22,7.78
2015-12-23,2.3
2015-12-24,1.77
2015-12-25,1.81
2015-12-26,0.34
2015-12-27,0.2
2015-12-28,0.45
2015-12-29,0.0
2015-12-30,11.59
2015-12-31,2.56
2016-01-01,3.87
2016-01-02,7.19
2016-01-03,11.74
2016-01-04,2.82
2016-01-05,0.0
2016-01-06,8.19
2016-01-07,0.29
2016-01-08,6.96
2016-01-09,5.14
2016-01-10,14.6
2016-01-11,0.41
2016-01-12,0.63
2016-01-13,1.69
2016-01-14,0.0
2016-01-15,0.0
2016-01-16,3.62
2016-01-17,0.56
2016-01-18,0.0
2016-01-19,0.0
2016-01-20,0.12
2016-01-21,1.17
2016-01-22,2.44
2016-01-23,1.31
2016-01-24,0.0
2016-01-25,0.0
2016-01-26,8.37
2016-01-27,1.39
2016-01-28,0.09
2016-01-29,4.64
2016-01-30,0.26
2016-01-31,1.0
2016-02-01,0.1
2016-02-02,0.0
2016-02-03,0.0
2016-02-04,0.07
2016-02-05,0.97
2016-02-06,6.75
2016-02-07,6.26
2016-02-08,2.9
2016-02-09,0.2
2016-02-10,0.0
2016-02-11,0.0
2016-02-12,0.54
2016-02-13,3.74
2016-02-14,0.0
2016-02-15,0.0
2016-02-16,0.0
2016-02-17,11.08
2016-02-18,0.0
2016-02-19,0.26
2016-02-20,1.96
2016-02-21,0.33
2016-02-22,0.0
2016-02-23,0.0
2016-02-24,0.0
2016-02-25,0.0
2016-02-26,0.0
2016-02-27,0.0
2016-02-28,0.0
2016-02-29,0.74
2016-03-01,2.06
2016-03-02,2.68
2016-03-03,0.51
2016-03-04,0.0
2016-03-05,0.13
2016-03-06,0.0
2016-03-07,0.0
2016-03-08,12.83
2016-03-09,1.08
2016-03-10,0.0
2016-03-11,0.0
2016-03-12,0.0
2016-03-13,0.0
2016-03-14,0.0
2016-03-15,0.0
2016-03-16,0.0
2016-03-17,0.0
2016-03-18,0.0
2016-03-19,0.0
2016-03-20,0.0
2016-03-21,0.0
2016-03-22,0.0
2016-03-23,0.0
2016-03-24,7.66
2016-03-25,0.0
2016-03-26,2.94
2016-03-27,15.95
2016-03-28,4.86
2016-03-29,4.29
2016-03-30,0.39
2016-03-31,0.0
2016-04-01,0.0
2016-04-02,1.68
2016-04-03,1.35
2016-04-04,0.0
2016-04-05,0.35
2016-04-06,0.12
2016-04-07,4.32
2016-04-08,2.09
2016-04-09,1.85
2016-04-10,4.48
2016-04-11,2.21
2016-04-12,0.0
2016-04-13,1.6
2016-04-14,2.74
2016-04-15,14.67
2016-04-16,0.1
2016-04-17,0.0
2016-04-18,0.0
2016-04-19,0.0
2016-04-20,0.0
2016-04-21,0.0
2016-04-22,6.18
2016-04-23,0.0
2016-04-24,0.0
2016-04-25,1.07
2016-04-26,0.0
2016-04-27,0.75
2016-04-28,1.91
2016-04-29,1.63
2016-04-30,0.0
2016-05-01,0.68
2016-05-02,0.22
2016-05-03,0.0
2016-05-04,0.0
2016-05-05,0.0
2016-05-06,0.0
2016-05-07,0.0
2016-05-08,0.0
2016-05-09,4.35
2016-05-10,15.71
2016-05-11,7.38
2016-05-12,0.0
2016-05-13,0.0
2016-05-14,0.0
2016-05-15,0.0
2016-05-16,0.0
2016-05-17,1.17
2016-05-18,12.38
2016-05-19,0.0
2016-05-20,0.36
2016-05-21,2.7
2016-05-22,0.6
2016-05-23,0.0
2016-05-24,0.0
2016-05-25,0.0
2016-05-26,0.8
2016-05-27,0.0
2016-05-28,0.0
2016-05-29,0.0
2016-05-30,0.0
2016-05-31,14.21
2016-06-01,0.0
2016-06-02,0.0
2016-06-03,0.0
2016-06-04,0.0
2016-06-05,0.0
2016-06-06,0.0
2016-06-07,1.43
2016-06-08,0.0
2016-06-09,0.0
2016-06-10,0.0
2016-06-11,0.27
2016-06-12,2.92
2016-06-13,2.09
2016-06-14,4.32
2016-06-15,1.04
2016-06-16,1.32
2016-06-17,0.0
2016-06-18,0.0
2016-06-19,10.45
2016-06-20,2.45
2016-06-21,0.16
2016-06-22,19.34
2016-06-23,0.26
2016-06-24,0.66
2016-06-25,1.59
2016-06-26,0.46
2016-06-27,0.0
2016-06-28,0.45
2016-06-29,1.4
2016-06-30,1.61
2016-07-01,0.0
2016-07-02,2.11
2016-07-03,0.0
2016-07-04,0.0
2016-07-05,0.0
2016-07-06,0.0
2016-07-07,0.0
2016-07-08,0.0
2016-07-09,0.5
2016-07-10,0.13
2016-07-11,0.0
2016-07-12,8.3
2016-07-13,1.02
2016-07-14,0.0
2016-07-15,0.0
2016-07-16,0.0
2016-07-17,0.0
2016-07-18,0.0
2016-07-19,0.0
2016-07-20,0.0
2016-07-21,0.0
2016-07-22,0.0
2016-07-23,0.0
2016-07-24,0.0
2016-07-25,0.0
2016-07-26,1.24
2016-07-27,0.47
2016-07-28,1.96
2016-07-29,0.39
2016-07-30,0.0
2016-07-31,0.0
2016-08-01,14.8
2016-08-02,0.28
2016-08-03,0.0
2016-08-04,0.0
2016-08-05,0.0
2016-08-06,0.05
2016-08-07,0.0
2016-08-08,0.01
2016-08-09,0.0
2016-08-10,0.06
2016-08-11,0.0
2016-08-12,0.0
2016-08-13,0.0
2016-08-14,0.0
2016-08-15,0.0
2016-08-16,0.0
2016-08-17,0.0
2016-08-18,0.89
2016-08-19,3.54
2016-08-20,3.6
2016-08-21,1.53
2016-08-22,0.0
2016-08-23,0.0
2016-08-24,0.0
2016-08-25,0.36
2016-08-26,0.0
2016-08-27,0.0
2016-08-28,0.51
2016-08-29,0.0
2016-08-30,0.0
2016-08-31,0.0
2016-09-01,0.0
2016-09-02,0.15
2016-09-03,3.38
2016-09-04,4.14
2016-09-05,0.0
2016-09-06,0.0
2016-09-07,0.0
2016-09-08,0.14
2016-09-09,0.93
2016-09-10,2.19
2016-09-11,0.0
2016-09-12,0.0
2016-09-13,0.0
2016-09-14,0.0
2016-09-15,27.11
2016-09-16,0.49
2016-09-17,0.0
2016-09-18,0.0
2016-09-19,3.9
2016-09-20,0.0
2016-09-21,0.0
2016-09-22,0.0
2016-09-23,0.0
2016-09-24,6.6
2016-09-25,0.69
2016-09-26,0.0
2016-09-27,0.0
2016-09-28,0.64
2016-09-29,0.0
2016-09-30,3.1
2016-10-01,7.23
2016-10-02,0.0
2016-10-03,0.0
2016-10-04,0.0
2016-10-05,0.0
2016-10-06,0.19
2016-10-07,0.0
2016-10-08,0.13
2016-10-09,0.0
2016-10-10,0.0
2016-10-11,0.97
2016-10-12,0.98
2016-10-13,0.32
2016-10-14,0.12
2016-10-15,7.67
2016-10-16,0.26
2016-10-17,4.31
2016-10-18,0.0
2016-10-19,0.0
2016-10-20,0.0
2016-10-21,0.0
2016-10-22,0.0
2016-10-23,0.37
2016-10-24,2.04
2016-10-25,0.2
2016-10-26,0.0
2016-10-27,0.0
2016-10-28,0.0
2016-10-29,0.0
2016-10-30,0.0
2016-10-31,0.0
2016-11-01,0.0
2016-11-02,0.0
2016-11-03,0.29
2016-11-04,5.81
2016-11-05,0.0
2016-11-06,0.26
2016-11-07,0.0
2016-11-08,25.57
2016-11-09,0.0
2016-11-10,0.0
2016-11-11,5.52
2016-11-12,3.54
2016-11-13,0.0
2016-11-14,0.08
2016-11-15,0.2
2016-11-16,3.84
2016-11-17,0.78
2016-11-18,0.0
2016-11-19,20.73
2016-11-20,8.96
2016-11-21,11.33
2016-11-22,0.0
2016-11-23,0.0
2016-11-24,0.0
2016-11-25,0.0
2016-11-26,0.18
2016-11-27,0.0
2016-11-28,0.0
2016-11-29,0.0
2016-11-30,0.0
2016-12-01,0.0
2016-12-02,0.21
2016-12-03,0.0
2016-12-04,0.1
2016-12-05,0.0
2016-12-06,0.0
2016-12-07,0.0
2016-12-08,0.21
2016-12-09,0.0
2016-12-10,4.88
2016-12-11,0.08
2016-12-12,1.61
2016-12-13,0.14
2016-12-14,0.0
2016-12-15,0.0
2016-12-16,0.0
2016-12-17,0.0
2016-12-18,0.0
2016-12-19,0.18
2016-12-20,0.12
2016-12-21,0.71
2016-12-22,0.0
2016-12-23,0.98
2016-12-24,0.0
2016-12-25,1.83
2016-12-26,0.0
2016-12-27,0.0
2016-12-28,0.0
2016-12-29,0.18
2016-12-30,0.0
2016-12-31,0.16
2017-01-01,6.49
2017-01-02,0.0
2017-01-03,0.14
2017-01-04,0.0
2017-01-05,0.0
2017-01-06,6.82
2017-01-07,0.17
2017-01-08,1.45
2017-01-09,1.21
2017-01-10,0.0
2017-01-11,0.0
2017-01-12,11.79
2017-01-13,0.0
2017-01-14,3.46
2017-01-15,9.26
2017-01-16,2.3
2017-01-17,0.0
2017-01-18,0.0
2017-01-19,0.0
2017-01-20,0.0
2017-01-21,0.0
2017-01-22,0.0
2017-01-23,0.0
2017-01-24,0.0
2017-01-25,0.0
2017-01-26,0.0
2017-01-27,0.38
2017-01-28,0.18
2017-01-29,12.83
2017-01-30,1.6
2017-01-31,2.87
2017-02-01,2.62
2017-02-02,1.41
2017-02-03,3.86
2017-02-04,0.51
2017-02-05,0.0
2017-02-06,5.78
2017-02-07,0.0
2017-02-08,0.0
2017-02-09,0.23
2017-02-10,0.32
2017-02-11,0.17
2017-02-12,0.0
2017-02-13,0.0
2017-02-14,0.0
2017-02-15,2.12
2017-02-16,0.13
2017-02-17,0.0
2017-02-18,0.0
2017-02-19,0.0
2017-02-20,0.46
2017-02-21,0.0
2017-02-22,1.77
2017-02-23,0.06
2017-02-24,0.0
2017-02-25,1.24
2017-02-26,1.15
2017-02-27,2.78
2017-02-28,0.72
2017-03-01,0.7
2017-03-02,1.38
2017-03-03,6.07
2017-03-04,3.24
2017-03-05,4.3
2017-03-06,0.0
2017-03-07,2.53
2017-03-08,0.59
2017-03-09,0.0
2017-03-10,0.0
2017-03-11,3.04
2017-03-12,2.31
2017-03-13,0.0
2017-03-14,0.0
2017-03-15,0.0
2017-03-16,0.0
2017-03-17,0.28
2017-03-18,0.0
2017-03-19,0.62
2017-03-20,1.22
2017-03-21,1.03
2017-03-22,3.04
2017-03-23,0.09
2017-03-24,0.0
2017-03-25,0.0
2017-03-26,0.0
2017-03-27,0.0
2017-03-28,0.23
2017-03-29,0.0
2017-03-30,0.16
2017-03-31,0.51
2017-04-01,0.35
2017-04-02,0.0
2017-04-03,0.16
2017-04-04,0.0
2017-04-05,0.0
2017-04-06,0.0
2017-04-07,0.0
2017-04-08,0.0
2017-04-09,0.0
2017-04-10,0.0
2017-04-11,0.0
2017-04-12,0.0
2017-04-13,0.0
2017-04-14,0.05
2017-04-15,0.0
2017-04-16,1.42
2017-04-17,0.13
2017-04-18,0.0
2017-04-19,0.0
2017-04-20,0.0
2017-04-21,0.0
2017-04-22,0.0
2017-04-23,0.0
2017-04-24,0.0
2017-04-25,1.84
2017-04-26,0.12
2017-04-27,0.0
2017-04-28,0.0
2017-04-29,0.0
2017-04-30,2.24
2017-05-01,3.1
2017-05-02,0.0
2017-05-03,0.0
2017-05-04,0.0
2017-05-05,0.0
2017-05-06,0.0
2017-05-07,0.0
2017-05-08,0.0
2017-05-09,0.0
2017-05-10,0.0
2017-05-11,4.82
2017-05-12,0.0
2017-05-13,3.38
2017-05-14,0.47
2017-05-15,0.0
2017-05-16,9.62
2017-05-17,19.02
2017-05-18,5.17
2017-05-19,1.1
2017-05-20,1.46
2017-05-21,0.0
2017-05-22,0.0
2017-05-23,0.0
2017-05-24,0.0
2017-05-25,0.0
2017-05-26,1.41
2017-05-27,0.0
2017-05-28,7.68
2017-05-29,0.38
2017-05-30,0.0
2017-05-31,0.0
2017-06-01,0.0
2017-06-02,0.11
2017-06-03,0.51
2017-06-04,1.26
2017-06-05,17.68
2017-06-06,0.93
2017-06-07,0.27
2017-06-08,1.35
2017-06-09,0.45
2017-06-10,0.19
2017-06-11,0.0
2017-06-12,0.0
2017-06-13,0.0
2017-06-14,0.0
2017-06-15,0.0
2017-06-16,0.0
2017-06-17,0.0
2017-06-18,0.0
2017-06-19,0.0
2017-06-20,0.0
2017-06-21,0.06
2017-06-22,0.0
2017-06-23,0.0
2017-06-24,0.0
2017-06-25,0.22
2017-06-26,0.06
2017-06-27,11.02
2017-06-28,0.0
2017-06-29,0.0
2017-06-30,0.16
2017-07-01,0.37
2017-07-02,0.09
2017-07-03,0.0
2017-07-04,0.0
2017-07-05,0.0
2017-07-06,0.0
2017-07-07,0.38
2017-07-08,0.22
2017-07-09,0.09
2017-07-10,0.35
2017-07-11,31.97
2017-07-12,0.0
2017-07-13,0.0
2017-07-14,0.0
2017-07-15,0.84
2017-07-16,0.0
2017-07-17,0.0
2017-07-18,43.54
2017-07-19,1.07
2017-07-20,0.0
2017-07-21,12.69
2017-07-22,2.09
2017-07-23,1.22
2017-07-24,0.0
2017-07-25,1.2
2017-07-26,1.76
2017-07-27,4.82
2017-07-28,0.45
2017-07-29,13.95
2017-07-30,0.45
2017-07-31,0.36
2017-08-01,1.26
2017-08-02,8.24
2017-08-03,0.34
2017-08-04,0.08
2017-08-05,0.77
2017-08-06,0.0
2017-08-07,4.97
2017-08-08,5.26
2017-08-09,12.24
2017-08-10,0.12
2017-08-11,0.07
2017-08-12,0.0
2017-08-13,0.0
2017-08-14,0.63
2017-08-15,0.0
2017-08-16,3.87
2017-08-17,0.78
2017-08-18,1.33
2017-08-19,0.0
2017-08-20,9.79
2017-08-21,0.18
2017-08-22,0.58
2017-08-23,0.0
2017-08-24,0.0
2017-08-25,0.0
2017-08-26,0.0
2017-08-27,0.0
2017-08-28,0.0
2017-08-29,0.0
2017-08-30,0.62
2017-08-31,3.12
2017-09-01,0.0
2017-09-02,0.0
2017-09-03,4.91
2017-09-04,0.14
2017-09-05,0.38
2017-09-06,0.19
2017-09-07,2.87
2017-09-08,3.35
2017-09-09,9.76
2017-09-10,1.63
2017-09-11,3.65
2017-09-12,2.34
2017-09-13,0.98
2017-09-14,1.35
2017-09-15,1.18
2017-09-16,0.85
2017-09-17,2.42
2017-09-18,10.3
2017-09-19,0.13
2017-09-20,0.12
2017-09-21,0.72
2017-09-22,0.0
2017-09-23,0.0
2017-09-24,12.12
2017-09-25,0.0
2017-09-26,0.0
2017-09-27,6.43
2017-09-28,2.59
2017-09-29,0.0
2017-09-30,2.97
2017-10-01,0.0
2017-10-02,0.0
2017-10-03,0.0
2017-10-04,0.1
2017-10-05,0.0
2017-10-06,0.07
2017-10-07,0.06
2017-10-08,0.0
2017-10-09,0.18
2017-10-10,0.09
2017-10-11,2.53
2017-10-12,0.0
2017-10-13,0.0
2017-10-14,0.0
2017-10-15,0.0
2017-10-16,0.0
2017-10-17,2.01
2017-10-18,0.06
2017-10-19,4.68
2017-10-20,2.64
2017-10-21,0.9
2017-10-22,0.94
2017-10-23,0.0
2017-10-24,0.05
2017-10-25,0.51
2017-10-26,0.2
2017-10-27,0.15
2017-10-28,0.72
2017-10-29,0.7
2017-10-30,0.25
2017-10-31,0.0
2017-11-01,0.0
2017-11-02,0.18
2017-11-03,15.14
2017-11-04,0.57
2017-11-05,0.0
2017-11-06,0.0
2017-11-07,6.5
2017-11-08,0.21
2017-11-09,0.0
2017-11-10,8.14
2017-11-11,2.67
2017-11-12,0.1
2017-11-13,0.21
2017-11-14,0.18
2017-11-15,0.0
2017-11-16,0.12
2017-11-17,0.0
2017-11-18,3.93
2017-11-19,0.59
2017-11-20,0.24
2017-11-21,0.12
2017-11-22,6.69
2017-11-23,0.09
2017-11-24,0.0
2017-11-25,0.1
2017-11-26,1.17
2017-11-27,0.0
2017-11-28,0.0
2017-11-29,0.12
2017-11-30,0.0
2017-12-01,0.0
2017-12-02,0.48
2017-12-03,0.0
2017-12-04,0.0
2017-12-05,0.0
2017-12-06,0.6
2017-12-07,3.58
2017-12-08,0.0
2017-12-09,14.25
2017-12-10,7.38
2017-12-11,0.97
2017-12-12,3.0
2017-12-13,6.83
2017-12-14,0.91
2017-12-15,0.0
2017-12-16,0.0
2017-12-17,3.91
2017-12-18,0.0
2017-12-19,0.16
2017-12-20,0.0
2017-12-21,0.18
2017-12-22,0.0
2017-12-23,0.0
2017-12-24,0.27
2017-12-25,5.84
2017-12-26,11.79
2017-12-27,0.76
2017-12-28,2.39
2017-12-29,5.0
2017-12-30,3.75
2017-12-31,2.07
2018-01-01,0.08
2018-01-02,10.46
2018-01-03,7.15
2018-01-04,1.23
2018-01-05,0.0
2018-01-06,0.0
2018-01-07,0.0
2018-01-08,0.0
2018-01-09,0.32
2018-01-10,0.0
2018-01-11,0.0
2018-01-12,0.59
2018-01-13,0.0
2018-01-14,1.93
2018-01-15,3.03
2018-01-16,0.0
2018-01-17,0.33
2018-01-18,0.63
2018-01-19,2.45
2018-01-20,4.01
2018-01-21,13.84
2018-01-22,0.49
2018-01-23,0.59
2018-01-24,6.56
2018-01-25,0.0
2018-01-26,0.0
2018-01-27,1.21
2018-01-28,0.0
2018-01-29,0.27
2018-01-30,0.58
2018-01-31,1.13
2018-02-01,0.0
2018-02-02,1.03
2018-02-03,2.22
2018-02-04,0.0
2018-02-05,0.0
2018-02-06,0.0
2018-02-07,0.0
2018-02-08,3.88
2018-02-09,0.0
2018-02-10,3.51
2018-02-11,0.09
2018-02-12,0.09
2018-02-13,2.84
2018-02-14,6.34
2018-02-15,0.29
2018-02-16,0.0
2018-02-17,0.0
2018-02-18,1.72
2018-02-19,0.26
2018-02-20,0.0
2018-02-21,0.0
2018-02-22,0.0
2018-02-23,0.0
2018-02-24,0.0
2018-02-25,0.0
2018-02-26,0.0
2018-02-27,0.22
2018-02-28,0.29
2018-03-01,1.52
2018-03-02,2.11
2018-03-03,2.42
2018-03-04,1.25
2018-03-05,3.57
2018-03-06,4.22
2018-03-07,3.15
2018-03-08,0.0
2018-03-09,7.22
2018-03-10,0.0
2018-03-11,4.72
2018-03-12,1.44
2018-03-13,0.0
2018-03-14,6.67
2018-03-15,0.09
2018-03-16,0.0
2018-03-17,3.31
2018-03-18,1.08
2018-03-19,0.0
2018-03-20,0.0
2018-03-21,0.0
2018-03-22,0.05
2018-03-23,4.99
2018-03-24,0.2
2018-03-25,0.0
2018-03-26,4.16
2018-03-27,4.96
2018-03-28,9.23
2018-03-29,4.35
2018-03-30,11.83
2018-03-31,1.04
2018-04-01,12.7
2018-04-02,3.73
2018-04-03,1.16
2018-04-04,0.81
2018-04-05,0.17
2018-04-06,0.0
2018-04-07,0.55
2018-04-08,9.14
2018-04-09,9.66
2018-04-10,5.04
2018-04-11,0.0
2018-04-12,0.12
2018-04-13,0.0
2018-04-14,0.47
2018-04-15,1.37
2018-04-16,0.02
2018-04-17,0.0
2018-04-18,0.0
2018-04-19,0.0
2018-04-20,0.0
2018-04-21,7.11
2018-04-22,0.0
2018-04-23,0.0
2018-04-24,0.11
2018-04-25,0.1
2018-04-26,2.23
2018-04-27,6.02
2018-04-28,0.0
2018-04-29,0.0
2018-04-30,0.0
2018-05-01,0.71
2018-05-02,3.58
2018-05-03,0.24
2018-05-04,0.03
2018-05-05,0.0
2018-05-06,0.0
2018-05-07,0.0
2018-05-08,0.0
2018-05-09,1.23
2018-05-10,0.0
2018-05-11,0.0
2018-05-12,8.07
2018-05-13,0.0
2018-05-14,0.0
2018-05-15,0.0
2018-05-16,0.07
2018-05-17,0.0
2018-05-18,0.17
2018-05-19,0.0
2018-05-20,0.02
2018-05-21,0.0
2018-05-22,0.09
2018-05-23,6.16
2018-05-24,3.47
2018-05-25,0.18
2018-05-26,0.4
2018-05-27,0.27
2018-05-28,0.0
2018-05-29,14.17
2018-05-30,0.0
2018-05-31,3.03
2018-06-01,0.4
2018-06-02,0.07
2018-06-03,4.43
2018-06-04,0.0
2018-06-05,0.34
2018-06-06,0.21
2018-06-07,0.89
2018-06-08,0.21
2018-06-09,0.43
2018-06-10,0.32
2018-06-11,0.0
2018-06-12,0.1
2018-06-13,0.0
2018-06-14,0.0
2018-06-15,0.24
2018-06-16,0.28
2018-06-17,0.25
2018-06-18,0.0
2018-06-19,0.0
2018-06-20,0.0
2018-06-21,0.0
2018-06-22,0.0
2018-06-23,0.0
2018-06-24,0.0
2018-06-25,0.0
2018-06-26,0.0
2018-06-27,0.0
2018-06-28,0.0
2018-06-29,0.0
2018-06-30,0.0
2018-07-01,0.0
2018-07-02,0.0
2018-07-03,0.0
2018-07-04,0.0
2018-07-05,0.0
2018-07-06,0.0
2018-07-07,0.0
2018-07-08,0.0
2018-07-09,0.0
2018-07-10,0.0
2018-07-11,0.0
2018-07-12,0.0
2018-07-13,0.0
2018-07-14,0.0
2018-07-15,0.0
2018-07-16,0.05
2018-07-17,0.0
2018-07-18,0.0
2018-07-19,0.0
2018-07-20,0.33
2018-07-21,0.0
2018-07-22,0.08
2018-07-23,0.0
2018-07-24,0.0
2018-07-25,0.0
2018-07-26,0.09
2018-07-27,4.76
2018-07-28,5.53
2018-07-29,2.56
2018-07-30,0.44
2018-07-31,0.0
2018-08-01,0.0
2018-08-02,0.09
2018-08-03,0.0
2018-08-04,0.0
2018-08-05,0.0
2018-08-06,0.0
2018-08-07,0.0
2018-08-08,0.26
2018-08-09,2.02
2018-08-10,0.15
2018-08-11,0.99
2018-08-12,3.23
2018-08-13,0.0
2018-08-14,0.0
2018-08-15,9.39
2018-08-16,4.39
2018-08-17,0.0
2018-08-18,0.0
2018-08-19,0.0
2018-08-20,0.0
2018-08-21,0.0
2018-08-22,0.54
2018-08-23,0.0
2018-08-24,2.81
2018-08-25,0.0
2018-08-26,13.24
2018-08-27,0.0
2018-08-28,4.18
2018-08-29,0.0
2018-08-30,0.0
2018-08-31,0.33
2018-09-01,0.0
2018-09-02,0.0
2018-09-03,0.0
2018-09-04,0.27
2018-09-05,0.21
2018-09-06,1.53
2018-09-07,0.59
2018-09-08,0.0
2018-09-09,0.26
2018-09-10,0.23
2018-09-11,2.5
2018-09-12,0.0
2018-09-13,0.0
2018-09-14,0.06
2018-09-15,0.17
2018-09-16,0.0
2018-09-17,0.37
2018-09-18,0.61
2018-09-19,0.97
2018-09-20,8.14
2018-09-21,1.48
2018-09-22,19.31
2018-09-23,1.24
2018-09-24,0.0
2018-09-25,0.14
2018-09-26,0.0
2018-09-27,0.0
2018-09-28,0.06
2018-09-29,0.0
2018-09-30,0.0
2018-10-01,0.41
2018-10-02,0.0
2018-10-03,0.15
2018-10-04,0.0
2018-10-05,0.18
2018-10-06,7.49
2018-10-07,0.21
2018-10-08,0.0
2018-10-09,0.0
2018-10-10,0.0
2018-10-11,1.87
2018-10-12,1.22
2018-10-13,24.6
2018-10-14,20.18
2018-10-15,0.6
2018-10-16,1.53
2018-10-17,0.22
2018-10-18,0.0
2018-10-19,0.0
2018-10-20,0.0
2018-10-21,0.0
2018-10-22,0.0
2018-10-23,0.0
2018-10-24,0.0
2018-10-25,0.36
2018-10-26,0.0
2018-10-27,0.35
2018-10-28,0.08
2018-10-29,0.0
2018-10-30,0.0
2018-10-31,1.91
2018-11-01,1.44
2018-11-02,0.0
2018-11-03,0.0
2018-11-04,0.0
2018-11-05,0.0
2018-11-06,8.78
2018-11-07,2.07
2018-11-08,0.0
2018-11-09,9.84
2018-11-10,7.67
2018-11-11,1.65
2018-11-12,0.0
2018-11-13,0.0
2018-11-14,0.0
2018-11-15,0.05
2018-11-16,0.0
2018-11-17,0.0
2018-11-18,0.0
2018-11-19,0.46
2018-11-20,7.74
2018-11-21,0.0
2018-11-22,0.0
2018-11-23,0.2
2018-11-24,1.28
2018-11-25,0.08
2018-11-26,0.0
2018-11-27,10.34
2018-11-28,5.18
2018-11-29,0.75
2018-11-30,6.69
2018-12-01,2.63
2018-12-02,0.39
2018-12-03,3.58
2018-12-04,3.95
2018-12-05,3.55
2018-12-06,7.45
2018-12-07,3.06
2018-12-08,1.49
2018-12-09,0.11
2018-12-10,0.0
2018-12-11,0.12
2018-12-12,0.0
2018-12-13,0.08
2018-12-14,0.17
2018-12-15,11.95
2018-12-16,6.09
2018-12-17,0.15
2018-12-18,16.26
2018-12-19,1.21
2018-12-20,7.47
2018-12-21,0.41
2018-12-22,4.01
2018-12-23,1.76
2018-12-24,0.0
2018-12-25,0.0
2018-12-26,0.0
2018-12-27,0.0
2018-12-28,0.21
2018-12-29,0.0
2018-12-30,0.0
2018-12-31,0.0
2019-01-01,0.0
2019-01-02,0.0
2019-01-03,0.0
2019-01-04,0.0
2019-01-05,0.0
2019-01-06,0.0
2019-01-07,0.0
2019-01-08,0.0
2019-01-09,0.26
2019-01-10,0.0
2019-01-11,0.12
2019-01-12,0.0
2019-01-13,0.0
2019-01-14,0.09
2019-01-15,0.24
2019-01-16,2.69
2019-01-17,0.0
2019-01-18,0.43
2019-01-19,0.0
2019-01-20,0.0
2019-01-21,4.27
2019-01-22,6.38
2019-01-23,0.64
2019-01-24,0.28
2019-01-25,0.22
2019-01-26,3.1
2019-01-27,0.52
2019-01-28,0.08
2019-01-29,5.2
2019-01-30,0.18
2019-01-31,4.98
2019-02-01,4.95
2019-02-02,0.0
2019-02-03,4.53
2019-02-04,0.36
2019-02-05,3.97
2019-02-06,3.47
2019-02-07,3.69
2019-02-08,5.29
2019-02-09,2.08
2019-02-10,1.24
2019-02-11,0.56
2019-02-12,0.0
2019-02-13,0.19
2019-02-14,0.0
2019-02-15,0.0
2019-02-16,0.0
2019-02-17,0.0
2019-02-18,0.4
2019-02-19,0.24
2019-02-20,0.26
2019-02-21,0.14
2019-02-22,0.0
2019-02-23,0.0
2019-02-24,0.0
2019-02-25,0.0
2019-02-26,0.0
2019-02-27,0.0
2019-02-28,1.11
2019-03-01,0.69
2019-03-02,2.21
2019-03-03,3.97
2019-03-04,0.76
2019-03-05,7.72
2019-03-06,3.85
2019-03-07,0.12
2019-03-08,0.53
2019-03-09,10.01
2019-03-10,1.57
2019-03-11,1.7
2019-03-12,6.97
2019-03-13,1.99
2019-03-14,0.62
2019-03-15,0.0
2019-03-16,4.53
2019-03-17,0.82
2019-03-18,0.74
2019-03-19,0.0
2019-03-20,0.0
2019-03-21,0.0
2019-03-22,0.0
2019-03-23,0.41
2019-03-24,0.02
2019-03-25,0.11
2019-03-26,0.75
2019-03-27,0.43
2019-03-28,0.85
2019-03-29,0.0
2019-03-30,0.09
2019-03-31,0.0
2019-04-01,0.77
2019-04-02,3.29
2019-04-03,1.5
2019-04-04,11.95
2019-04-05,0.11
2019-04-06,0.27
2019-04-07,0.86
2019-04-08,4.29
2019-04-09,1.62
2019-04-10,0.22
2019-04-11,0.2
2019-04-12,0.17
2019-04-13,0.79
2019-04-14,0.6
2019-04-15,0.0
2019-04-16,0.0
2019-04-17,0.0
2019-04-18,0.0
2019-04-19,0.0
2019-04-20,0.0
2019-04-21,0.0
2019-04-22,0.56
2019-04-23,0.0
2019-04-24,0.59
2019-04-25,0.24
2019-04-26,1.36
2019-04-27,0.0
2019-04-28,0.0
2019-04-29,1.12
2019-04-30,0.18
2019-05-01,0.0
2019-05-02,5.55
2019-05-03,0.74
2019-05-04,1.31
2019-05-05,0.28
2019-05-06,0.2
2019-05-07,6.37
2019-05-08,3.07
2019-05-09,3.34
2019-05-10,0.53
2019-05-11,1.63
2019-05-12,1.02
2019-05-13,0.0
2019-05-14,0.0
2019-05-15,0.0
2019-05-16,0.0
2019-05-17,0.25
2019-05-18,0.95
2019-05-19,0.0
2019-05-20,0.02
2019-05-21,0.26
2019-05-22,0.49
2019-05-23,0.13
2019-05-24,0.22
2019-05-25,0.17
2019-05-26,0.0
2019-05-27,1.66
2019-05-28,0.7
2019-05-29,3.33
2019-05-30,0.0
2019-05-31,0.0
2019-06-01,0.0
2019-06-02,0.09
2019-06-03,0.0
2019-06-04,1.21
2019-06-05,0.01
2019-06-06,4.18
2019-06-07,8.08
2019-06-08,0.0
2019-06-09,2.1
2019-06-10,39.74
2019-06-11,0.0
2019-06-12,5.26
2019-06-13,4.07
2019-06-14,0.0
2019-06-15,0.75
2019-06-16,0.0
2019-06-17,0.12
2019-06-18,7.12
2019-06-19,2.15
2019-06-20,0.04
2019-06-21,0.95
2019-06-22,0.34
2019-06-23,0.0
2019-06-24,3.58
2019-06-25,0.0
2019-06-26,0.0
2019-06-27,0.0
2019-06-28,0.0
2019-06-29,0.0
2019-06-30,0.21
2019-07-01,0.26
2019-07-02,0.77
2019-07-03,0.27
2019-07-04,0.0
2019-07-05,0.39
2019-07-06,0.24
2019-07-07,0.25
2019-07-08,0.15
2019-07-09,0.38
2019-07-10,0.12
2019-07-11,0.28
2019-07-12,0.35
2019-07-13,0.44
2019-07-14,0.0
2019-07-15,0.88
2019-07-16,0.14
2019-07-17,2.33
2019-07-18,0.31
2019-07-19,18.0
2019-07-20,0.59
2019-07-21,0.08
2019-07-22,0.0
2019-07-23,2.36
2019-07-24,0.0
2019-07-25,0.02
2019-07-26,4.61
2019-07-27,0.0
2019-07-28,0.0
2019-07-29,0.27
2019-07-30,5.16
2019-07-31,0.0
2019-08-01,0.0
2019-08-02,0.47
2019-08-03,0.0
2019-08-04,0.33
2019-08-05,0.08
2019-08-06,0.0
2019-08-07,0.55
2019-08-08,3.34
2019-08-09,5.15
2019-08-10,0.43
2019-08-11,0.02
2019-08-12,1.12
2019-08-13,4.54
2019-08-14,5.74
2019-08-15,0.84
2019-08-16,10.67
2019-08-17,1.69
2019-08-18,1.66
2019-08-19,0.28
2019-08-20,0.88
2019-08-21,0.7
2019-08-22,0.18
2019-08-23,0.0
2019-08-24,0.0
2019-08-25,0.02
2019-08-26,0.0
2019-08-27,0.53
2019-08-28,0.0
2019-08-29,0.14
2019-08-30,0.14
2019-08-31,0.0
2019-09-01,0.6
2019-09-02,0.32
2019-09-03,6.64
2019-09-04,0.06
2019-09-05,0.26
2019-09-06,1.46
2019-09-07,0.29
2019-09-08,0.69
2019-09-09,0.0
2019-09-10,0.0
2019-09-11,0.0
2019-09-12,0.57
2019-09-13,0.0
2019-09-14,0.0
2019-09-15,0.0
2019-09-16,0.12
2019-09-17,0.0
2019-09-18,0.0
2019-09-19,0.0
2019-09-20,0.0
2019-09-21,0.09
2019-09-22,5.69
2019-09-23,28.88
2019-09-24,3.19
2019-09-25,1.81
2019-09-26,2.69
2019-09-27,1.5
2019-09-28,8.31
2019-09-29,0.29
2019-09-30,8.44
2019-10-01,8.56
2019-10-02,0.0
2019-10-03,1.42
2019-10-04,1.65
2019-10-05,11.28
2019-10-06,0.39
2019-10-07,1.23
2019-10-08,3.11
2019-10-09,2.47
2019-10-10,4.24
2019-10-11,8.35
2019-10-12,13.91
2019-10-13,4.2
2019-10-14,11.29
2019-10-15,0.66
2019-10-16,0.0
2019-10-17,11.44
2019-10-18,0.0
2019-10-19,0.0
2019-10-20,0.05
2019-10-21,0.0
2019-10-22,0.0
2019-10-23,0.08
2019-10-24,7.74
2019-10-25,3.87
2019-10-26,5.64
2019-10-27,0.0
2019-10-28,0.0
2019-10-29,0.0
2019-10-30,0.0
2019-10-31,2.13
2019-11-01,5.27
2019-11-02,1.96
2019-11-03,2.06
2019-11-04,0.42
2019-11-05,1.5
2019-11-06,13.74
2019-11-07,0.0
2019-11-08,0.54
2019-11-09,12.86
2019-11-10,2.34
2019-11-11,0.0
2019-11-12,0.68
2019-11-13,15.68
2019-11-14,0.54
2019-11-15,2.43
2019-11-16,0.0
2019-11-17,0.0
2019-11-18,0.0
2019-11-19,0.0
2019-11-20,0.0
2019-11-21,4.14
2019-11-22,0.69
2019-11-23,7.07
2019-11-24,1.9
2019-11-25,3.68
2019-11-26,4.65
2019-11-27,3.36
2019-11-28,3.07
2019-11-29,0.13
2019-11-30,0.0
2019-12-01,0.0
2019-12-02,0.0
2019-12-03,0.0
2019-12-04,0.0
2019-12-05,4.63
2019-12-06,0.97
2019-12-07,2.83
2019-12-08,0.33
2019-12-09,0.0
2019-12-10,5.37
2019-12-11,0.71
2019-12-12,17.85
2019-12-13,1.35
2019-12-14,8.02
2019-12-15,7.17
2019-12-16,0.88
2019-12-17,1.11
2019-12-18,9.95
2019-12-19,12.6
2019-12-20,5.65
2019-12-21,8.8
2019-12-22,0.0
2019-12-23,0.87
2019-12-24,0.43
2019-12-25,0.39
2019-12-26,3.57
2019-12-27,0.2
2019-12-28,0.0
2019-12-29,0.0
2019-12-30,0.0
2019-12-31,0.0
2020-01-01,0.36
2020-01-02,2.03
2020-01-03,0.0
2020-01-04,0.0
2020-01-05,0.0
2020-01-06,0.74
2020-01-07,0.81
2020-01-08,1.59
2020-01-09,6.02
2020-01-10,0.09
2020-01-11,1.65
2020-01-12,2.18
2020-01-13,3.78
2020-01-14,17.93
2020-01-15,0.0
2020-01-16,10.25
2020-01-17,0.0
2020-01-18,0.0
2020-01-19,0.0
2020-01-20,0.0
2020-01-21,0.0
2020-01-22,0.16
2020-01-23,0.11
2020-01-24,0.0
2020-01-25,0.0
2020-01-26,3.81
2020-01-27,6.03
2020-01-28,0.0
2020-01-29,0.0
2020-01-30,0.98
2020-01-31,0.25
2020-02-01,7.94
2020-02-02,0.0
2020-02-03,0.0
2020-02-04,0.0
2020-02-05,0.0
2020-02-06,0.05
2020-02-07,0.44
2020-02-08,0.69
2020-02-09,10.04
2020-02-10,3.31
2020-02-11,0.0
2020-02-12,7.88
2020-02-13,0.71
2020-02-14,2.27
2020-02-15,18.26
2020-02-16,7.33
2020-02-17,0.0
2020-02-18,1.25
2020-02-19,2.11
2020-02-20,4.02
2020-02-21,0.0
2020-02-22,1.22
2020-02-23,2.07
2020-02-24,2.5
2020-02-25,0.32
2020-02-26,6.49
2020-02-27,0.16
2020-02-28,12.14
2020-02-29,0.96
2020-03-01,5.84
2020-03-02,0.0
2020-03-03,0.0
2020-03-04,4.51
2020-03-05,5.92
2020-03-06,0.28
2020-03-07,1.01
2020-03-08,2.32
2020-03-09,7.77
2020-03-10,0.0
2020-03-11,1.83
2020-03-12,0.97
2020-03-13,1.23
2020-03-14,0.0
2020-03-15,2.18
2020-03-16,0.0
2020-03-17,0.0
2020-03-18,0.39
2020-03-19,0.47
2020-03-20,0.0
2020-03-21,0.0
2020-03-22,0.0
2020-03-23,0.0
2020-03-24,0.0
2020-03-25,0.0
2020-03-26,0.0
2020-03-27,0.0
2020-03-28,0.0
2020-03-29,0.0
2020-03-30,0.06
2020-03-31,0.0
2020-04-01,0.0
2020-04-02,0.19
2020-04-03,0.18
2020-04-04,0.0
2020-04-05,0.47
2020-04-06,0.11
2020-04-07,0.0
2020-04-08,0.0
2020-04-09,0.0
2020-04-10,0.0
2020-04-11,0.0
2020-04-12,0.0
2020-04-13,0.0
2020-04-14,0.0
2020-04-15,0.0
2020-04-16,0.0
2020-04-17,12.31
2020-04-18,0.0
2020-04-19,0.0
2020-04-20,0.0
2020-04-21,0.0
2020-04-22,0.0
2020-04-23,0.0
2020-04-24,0.0
2020-04-25,0.0
2020-04-26,0.0
2020-04-27,6.76
2020-04-28,5.53
2020-04-29,1.46
2020-04-30,7.44
2020-05-01,1.04
2020-05-02,0.09
2020-05-03,0.0
2020-05-04,0.0
2020-05-05,0.0
2020-05-06,0.0
2020-05-07,0.0
2020-05-08,0.0
2020-05-09,0.0
2020-05-10,0.0
2020-05-11,0.0
2020-05-12,0.36
2020-05-13,0.0
2020-05-14,0.0
2020-05-15,0.3
2020-05-16,0.0
2020-05-17,0.12
2020-05-18,0.0
2020-05-19,0.0
2020-05-20,0.0
2020-05-21,0.0
2020-05-22,0.0
2020-05-23,0.0
2020-05-24,0.0
2020-05-25,0.0
2020-05-26,0.3
2020-05-27,0.0
2020-05-28,0.0
2020-05-29,0.0
2020-05-30,0.0
2020-05-31,0.0
2020-06-01,0.0
2020-06-02,0.0
2020-06-03,0.07
2020-06-04,0.47
2020-06-05,0.04
2020-06-06,1.57
2020-06-07,0.3
2020-06-08,0.14
2020-06-09,0.36
2020-06-10,3.59
2020-06-11,1.09
2020-06-12,9.4
2020-06-13,0.43
2020-06-14,0.31
2020-06-15,3.01
2020-06-16,16.41
2020-06-17,14.83
2020-06-18,8.39
2020-06-19,0.9
2020-06-20,1.62
2020-06-21,0.91
2020-06-22,0.0
2020-06-23,0.0
2020-06-24,0.0
2020-06-25,0.0
2020-06-26,3.37
2020-06-27,1.19
2020-06-28,0.91
2020-06-29,0.15
2020-06-30,0.33
2020-07-01,2.6
2020-07-02,2.82
2020-07-03,1.75
2020-07-04,0.32
2020-07-05,0.54
2020-07-06,0.68
2020-07-07,5.3
2020-07-08,0.69
2020-07-09,2.99
2020-07-10,0.86
2020-07-11,1.35
2020-07-12,0.82
2020-07-13,1.39
2020-07-14,0.14
2020-07-15,0.7
2020-07-16,0.26
2020-07-17,0.58
2020-07-18,1.35
2020-07-19,0.38
2020-07-20,0.32
2020-07-21,0.21
2020-07-22,0.12
2020-07-23,0.95
2020-07-24,0.18
2020-07-25,7.72
2020-07-26,1.96
2020-07-27,1.56
2020-07-28,0.64
2020-07-29,0.27
2020-07-30,0.0
2020-07-31,0.0
2020-08-01,0.29
2020-08-02,0.2
2020-08-03,0.91
2020-08-04,0.09
2020-08-05,0.69
2020-08-06,0.25
2020-08-07,0.0
2020-08-08,0.18
2020-08-09,0.18
2020-08-10,0.0
2020-08-11,0.0
2020-08-12,4.8
2020-08-13,18.34
2020-08-14,0.15
2020-08-15,0.0
2020-08-16,0.62
2020-08-17,0.36
2020-08-18,5.64
2020-08-19,7.33
2020-08-20,1.29
2020-08-21,1.53
2020-08-22,0.14
2020-08-23,0.05
2020-08-24,14.96
2020-08-25,1.5
2020-08-26,0.09
2020-08-27,27.97
2020-08-28,6.81
2020-08-29,0.16
2020-08-30,0.78
2020-08-31,0.28
2020-09-01,0.63
2020-09-02,0.22
2020-09-03,1.49
2020-09-04,0.42
2020-09-05,0.93
2020-09-06,0.52
2020-09-07,0.0
2020-09-08,0.0
2020-09-09,0.0
2020-09-10,0.46
2020-09-11,0.0
2020-09-12,0.0
2020-09-13,0.0
2020-09-14,0.0
2020-09-15,0.0
2020-09-16,0.0
2020-09-17,0.0
2020-09-18,0.0
2020-09-19,0.0
2020-09-20,0.0
2020-09-21,0.0
2020-09-22,5.18
2020-09-23,4.91
2020-09-24,0.0
2020-09-25,0.01
2020-09-26,0.0
2020-09-27,0.0
2020-09-28,0.73
2020-09-29,0.0
2020-09-30,4.52
2020-10-01,7.04
2020-10-02,43.69
2020-10-03,40.38
2020-10-04,1.83
2020-10-05,1.39
2020-10-06,0.26
2020-10-07,2.78
2020-10-08,0.08
2020-10-09,0.36
2020-10-10,1.05
2020-10-11,0.19
2020-10-12,5.03
2020-10-13,0.41
2020-10-14,0.1
2020-10-15,0.53
2020-10-16,0.28
2020-10-17,0.0
2020-10-18,0.0
2020-10-19,1.8
2020-10-20,11.11
2020-10-21,5.87
2020-10-22,0.27
2020-10-23,0.09
2020-10-24,16.03
2020-10-25,0.26
2020-10-26,3.29
2020-10-27,1.76
2020-10-28,4.78
2020-10-29,2.0
2020-10-30,0.81
2020-10-31,10.21
2020-11-01,1.69
2020-11-02,6.08
2020-11-03,0.0
2020-11-04,0.0
2020-11-05,0.0
2020-11-06,0.0
2020-11-07,0.0
2020-11-08,2.45
2020-11-09,2.77
2020-11-10,0.0
2020-11-11,4.18
2020-11-12,1.4
2020-11-13,2.34
2020-11-14,17.01
2020-11-15,1.13
2020-11-16,0.18
2020-11-17,0.0
2020-11-18,0.4
2020-11-19,0.29
2020-11-20,2.17
2020-11-21,0.06
2020-11-22,0.0
2020-11-23,0.0
2020-11-24,0.0
2020-11-25,0.8
2020-11-26,0.0
2020-11-27,0.08
2020-11-28,0.0
2020-11-29,0.0
2020-11-30,0.0
2020-12-01,0.0
2020-12-02,1.68
2020-12-03,8.68
2020-12-04,0.04
2020-12-05,0.0
2020-12-06,0.0
2020-12-07,0.23
2020-12-08,0.95
2020-12-09,0.0
2020-12-10,8.04
2020-12-11,0.87
2020-12-12,0.84
2020-12-13,9.43
2020-12-14,1.34
2020-12-15,1.05
2020-12-16,7.5
2020-12-17,0.96
2020-12-18,7.99
2020-12-19,0.12
2020-12-20,3.2
2020-12-21,2.77
2020-12-22,1.29
2020-12-23,3.09
2020-12-24,0.0
2020-12-25,0.12
2020-12-26,13.9
2020-12-27,0.0
2020-12-28,1.05
2020-12-29,0.0
2020-12-30,0.0
2020-12-31,0.0
2021-01-01,0.2
2021-01-02,0.18
2021-01-03,0.13
2021-01-04,0.0
2021-01-05,0.08
2021-01-06,0.0
2021-01-07,0.0
2021-01-08,0.28
2021-01-09,0.0
2021-01-10,0.0
2021-01-11,3.67
2021-01-12,2.21
2021-01-13,4.62
2021-01-14,6.67
2021-01-15,4.5
2021-01-16,0.43
2021-01-17,0.14
2021-01-18,2.28
2021-01-19,2.97
2021-01-20,4.01
2021-01-21,0.18
2021-01-22,1.36
2021-01-23,1.47
2021-01-24,3.28
2021-01-25,0.0
2021-01-26,1.22
2021-01-27,20.8
2021-01-28,6.12
2021-01-29,10.63
2021-01-30,1.2
2021-01-31,1.4
2021-02-01,5.19
2021-02-02,1.85
2021-02-03,0.0
2021-02-04,6.54
2021-02-05,5.68
2021-02-06,2.48
2021-02-07,0.0
2021-02-08,0.0
2021-02-09,0.18
2021-02-10,0.39
2021-02-11,0.18
2021-02-12,0.22
2021-02-13,0.0
2021-02-14,4.54
2021-02-15,2.03
2021-02-16,1.85
2021-02-17,3.37
2021-02-18,0.88
2021-02-19,0.08
2021-02-20,1.03
2021-02-21,0.0
2021-02-22,0.0
2021-02-23,0.0
2021-02-24,0.28
2021-02-25,0.0
2021-02-26,0.0
2021-02-27,0.13
2021-02-28,0.0
2021-03-01,0.24
2021-03-02,0.0
2021-03-03,8.26
2021-03-04,0.0
2021-03-05,0.0
2021-03-06,0.15
2021-03-07,0.59
2021-03-08,0.17
2021-03-09,0.55
2021-03-10,6.56
2021-03-11,2.78
2021-03-12,3.13
2021-03-13,0.12
2021-03-14,0.38
2021-03-15,0.0
2021-03-16,0.0
2021-03-17,0.06
2021-03-18,0.08
2021-03-19,0.0
2021-03-20,0.0
2021-03-21,0.33
2021-03-22,0.0
2021-03-23,0.0
2021-03-24,0.0
2021-03-25,1.72
2021-03-26,4.0
2021-03-27,0.15
2021-03-28,0.0
2021-03-29,0.0
2021-03-30,0.0
2021-03-31,0.0
2021-04-01,0.0
2021-04-02,0.05
2021-04-03,0.0
2021-04-04,0.0
2021-04-05,0.13
2021-04-06,0.8
2021-04-07,0.12
2021-04-08,0.25
2021-04-09,0.53
2021-04-10,0.06
2021-04-11,5.29
2021-04-12,0.17
2021-04-13,0.19
2021-04-14,0.93
2021-04-15,0.35
2021-04-16,0.44
2021-04-17,0.08
2021-04-18,0.24
2021-04-19,0.0
2021-04-20,0.0
2021-04-21,0.19
2021-04-22,0.0
2021-04-23,0.0
2021-04-24,0.0
2021-04-25,0.0
2021-04-26,0.0
2021-04-27,0.31
2021-04-28,7.4
2021-04-29,0.02
2021-04-30,0.21
2021-05-01,2.03
2021-05-02,0.0
2021-05-03,7.42
2021-05-04,0.02
2021-05-05,8.06
2021-05-06,0.47
2021-05-07,9.99
2021-05-08,0.27
2021-05-09,0.6
2021-05-10,0.12
2021-05-11,1.58
2021-05-12,2.41
2021-05-13,0.77
2021-05-14,0.93
2021-05-15,2.91
2021-05-16,15.55
2021-05-17,3.49
2021-05-18,7.5
2021-05-19,1.66
2021-05-20,0.4
2021-05-21,3.48
2021-05-22,1.52
2021-05-23,4.34
2021-05-24,3.87
2021-05-25,0.84
2021-05-26,0.32
2021-05-27,0.45
2021-05-28,0.0
2021-05-29,0.0
2021-05-30,0.0
2021-05-31,0.0
2021-06-01,0.0
2021-06-02,0.0
2021-06-03,1.15
2021-06-04,2.12
2021-06-05,0.09
2021-06-06,0.0
2021-06-07,0.0
2021-06-08,0.02
2021-06-09,0.0
2021-06-10,0.0
2021-06-11,0.0
2021-06-12,0.55
2021-06-13,0.0
2021-06-14,0.1
2021-06-15,0.0
2021-06-16,0.27
2021-06-17,27.82
2021-06-18,20.82
2021-06-19,5.52
2021-06-20,0.87
2021-06-21,2.56
2021-06-22,0.18
2021-06-23,0.99
2021-06-24,0.7
2021-06-25,0.74
2021-06-26,0.5
2021-06-27,21.01
2021-06-28,0.12
2021-06-29,3.94
2021-06-30,0.09
2021-07-01,0.19
2021-07-02,0.71
2021-07-03,0.78
2021-07-04,0.97
2021-07-05,14.19
2021-07-06,1.85
2021-07-07,0.14
2021-07-08,0.0
2021-07-09,0.51
2021-07-10,0.22
2021-07-11,8.83
2021-07-12,0.48
2021-07-13,0.09
2021-07-14,0.09
2021-07-15,0.1
2021-07-16,0.0
2021-07-17,0.0
2021-07-18,0.0
2021-07-19,0.0
2021-07-20,0.0
2021-07-21,0.0
2021-07-22,0.0
2021-07-23,1.48
2021-07-24,0.0
2021-07-25,0.12
2021-07-26,0.73
2021-07-27,0.0
2021-07-28,5.72
2021-07-29,1.02
2021-07-30,1.02
2021-07-31,3.21
2021-08-01,2.91
2021-08-02,0.16
2021-08-03,0.35
2021-08-04,0.0
2021-08-05,1.45
2021-08-06,16.9
2021-08-07,5.66
2021-08-08,1.93
2021-08-09,13.76
2021-08-10,0.0
2021-08-11,0.09
2021-08-12,0.0
2021-08-13,0.0
2021-08-14,0.02
2021-08-15,0.24
2021-08-16,0.0
2021-08-17,0.0
2021-08-18,0.0
2021-08-19,6.26
2021-08-20,0.09
2021-08-21,0.09
2021-08-22,0.18
2021-08-23,0.0
2021-08-24,0.43
2021-08-25,0.33
2021-08-26,0.01
2021-08-27,0.0
2021-08-28,0.26
2021-08-29,0.0
2021-08-30,0.0
2021-08-31,0.0
2021-09-01,0.0
2021-09-02,0.0
2021-09-03,0.0
2021-09-04,0.0
2021-09-05,0.01
2021-09-06,0.55
2021-09-07,0.0
2021-09-08,1.08
2021-09-09,2.27
2021-09-10,0.0
2021-09-11,0.43
2021-09-12,0.05
2021-09-13,5.36
2021-09-14,1.06
2021-09-15,0.5
2021-09-16,0.15
2021-09-17,0.89
2021-09-18,0.63
2021-09-19,0.37
2021-09-20,0.34
2021-09-21,0.72
2021-09-22,0.49
2021-09-23,0.22
2021-09-24,0.0
2021-09-25,0.0
2021-09-26,3.67
2021-09-27,0.61
2021-09-28,15.5
2021-09-29,0.8
2021-09-30,2.3
2021-10-01,0.1
2021-10-02,17.4
2021-10-03,4.2
2021-10-04,8.5
2021-10-05,0.0
2021-10-06,0.0
2021-10-07,0.0
2021-10-08,0.0
2021-10-09,0.0
2021-10-10,0.0
2021-10-11,0.0
2021-10-12,1.2
2021-10-13,0.0
2021-10-14,0.0
2021-10-15,1.7
2021-10-16,0.1
2021-10-17,0.8
2021-10-18,3.3
2021-10-19,22.6
2021-10-20,14.9
2021-10-21,0.0
2021-10-22,0.0
2021-10-23,0.0
2021-10-24,1.6
2021-10-25,0.3
2021-10-26,0.0
2021-10-27,0.0
2021-10-28,2.49
2021-10-29,4.21
2021-10-30,10.93
2021-10-31,5.79
2021-11-01,0.64
2021-11-02,0.0
2021-11-03,0.28
2021-11-04,0.0
2021-11-05,0.08
2021-11-06,0.0
2021-11-07,0.0
2021-11-08,0.0
2021-11-09,1.89
2021-11-10,1.26
2021-11-11,0.51
2021-11-12,0.16
2021-11-13,0.0
2021-11-14,0.0
2021-11-15,0.0
2021-11-16,0.04
2021-11-17,0.0
2021-11-18,0.0
2021-11-19,0.1
2021-11-20,0.0
2021-11-21,0.0
2021-11-22,0.0
2021-11-23,0.0
2021-11-24,0.0
2021-11-25,0.07
2021-11-26,6.8
2021-11-27,0.95
2021-11-28,0.12
2021-11-29,0.34
2021-11-30,0.39
2021-12-01,1.48
2021-12-02,1.81
2021-12-03,2.08
2021-12-04,1.41
2021-12-05,0.0
2021-12-06,1.49
2021-12-07,4.04
2021-12-08,0.29
2021-12-09,4.04
2021-12-10,0.0
2021-12-11,2.02
2021-12-12,0.03
2021-12-13,0.18
2021-12-14,0.0
2021-12-15,0.0
2021-12-16,0.0
2021-12-17,0.0
2021-12-18,0.07
2021-12-19,0.18
2021-12-20,0.0
2021-12-21,0.0
2021-12-22,0.2
2021-12-23,0.25
2021-12-24,9.86
2021-12-25,11.45
2021-12-26,0.56
2021-12-27,4.78
2021-12-28,3.41
2021-12-29,0.56
2021-12-30,3.98
2021-12-31,0.15
2022-01-01,2.02
2022-01-02,2.92
2022-01-03,0.72
2022-01-04,0.48
2022-01-05,0.0
2022-01-06,0.84
2022-01-07,2.72
2022-01-08,2.99
2022-01-09,0.0
2022-01-10,0.01
2022-01-11,2.37
2022-01-12,0.04
2022-01-13,0.0
2022-01-14,0.11
2022-01-15,0.02
2022-01-16,0.0
2022-01-17,0.03
2022-01-18,0.08
2022-01-19,0.2
2022-01-20,0.02
2022-01-21,0.0
2022-01-22,0.0
2022-01-23,0.0
2022-01-24,0.0
2022-01-25,0.0
2022-01-26,0.0
2022-01-27,0.27
2022-01-28,0.43
2022-01-29,0.0
2022-01-30,0.31
2022-01-31,0.04
2022-02-01,0.0
2022-02-02,0.0
2022-02-03,4.35
2022-02-04,0.21
2022-02-05,2.97
2022-02-06,0.96
2022-02-07,0.0
2022-02-08,0.0
2022-02-09,0.96
2022-02-10,0.0
2022-02-11,0.0
2022-02-12,0.08
2022-02-13,17.79
2022-02-14,0.27
2022-02-15,6.55
2022-02-16,0.36
2022-02-17,4.07
2022-02-18,0.32
2022-02-19,4.51
2022-02-20,5.34
2022-02-21,0.0
2022-02-22,0.12
2022-02-23,3.01
2022-02-24,0.29
2022-02-25,0.02
2022-02-26,0.0
2022-02-27,0.0
2022-02-28,7.31
2022-03-01,14.36
2022-03-02,5.64
2022-03-03,0.4
2022-03-04,0.67
2022-03-05,0.24
2022-03-06,0.0
2022-03-07,0.0
2022-03-08,0.05
2022-03-09,0.07
2022-03-10,0.0
2022-03-11,6.6
2022-03-12,3.73
2022-03-13,0.83
2022-03-14,0.0
2022-03-15,1.04
2022-03-16,15.05
2022-03-17,0.0
2022-03-18,0.0
2022-03-19,0.0
2022-03-20,0.0
2022-03-21,0.0
2022-03-22,0.0
2022-03-23,0.0
2022-03-24,0.0
2022-03-25,0.0
2022-03-26,0.0
2022-03-27,0.04
2022-03-28,0.81
2022-03-29,0.0
2022-03-30,0.25
2022-03-31,0.39
2022-04-01,0.49
2022-04-02,0.0
2022-04-03,6.12
2022-04-04,0.21
2022-04-05,2.13
2022-04-06,10.83
2022-04-07,0.0
2022-04-08,1.48
2022-04-09,0.0
2022-04-10,0.0
2022-04-11,0.08
2022-04-12,0.04
2022-04-13,0.0
2022-04-14,0.0
2022-04-15,0.0
2022-04-16,0.0
2022-04-17,0.0
2022-04-18,0.0
2022-04-19,0.18
2022-04-20,0.0
2022-04-21,0.0
2022-04-22,0.0
2022-04-23,0.0
2022-04-24,0.0
2022-04-25,0.0
2022-04-26,0.0
2022-04-27,0.0
2022-04-28,0.0
2022-04-29,0.0
2022-04-30,0.0
2022-05-01,1.43
2022-05-02,0.0
2022-05-03,0.0
2022-05-04,4.47
2022-05-05,0.0
2022-05-06,0.99
2022-05-07,0.0
2022-05-08,0.0
2022-05-09,0.57
2022-05-10,0.57
2022-05-11,2.95
2022-05-12,0.0
2022-05-13,0.0
2022-05-14,3.13
2022-05-15,11.61
2022-05-16,0.04
2022-05-17,0.59
2022-05-18,3.26
2022-05-19,0.13
2022-05-20,2.31
2022-05-21,0.0
2022-05-22,0.0
2022-05-23,4.87
2022-05-24,1.18
2022-05-25,1.81
2022-05-26,0.0
2022-05-27,0.0
2022-05-28,0.0
2022-05-29,0.4
2022-05-30,4.66
2022-05-31,3.97
2022-06-01,0.0
2022-06-02,0.0
2022-06-03,2.79
2022-06-04,4.14
2022-06-05,8.14
2022-06-06,0.02
2022-06-07,0.3
2022-06-08,0.0
2022-06-09,0.27
2022-06-10,0.0
2022-06-11,0.0
2022-06-12,0.0
2022-06-13,0.0
2022-06-14,0.0
2022-06-15,0.0
2022-06-16,0.0
2022-06-17,0.0
2022-06-18,0.97
2022-06-19,1.1
2022-06-20,0.0
2022-06-21,0.0
2022-06-22,0.15
2022-06-23,0.0
2022-06-24,0.79
2022-06-25,5.17
2022-06-26,0.69
2022-06-27,3.31
2022-06-28,1.07
2022-06-29,0.24
2022-06-30,4.98
2022-07-01,0.08
2022-07-02,0.44
2022-07-03,0.0
2022-07-04,0.0
2022-07-05,0.0
2022-07-06,0.0
2022-07-07,0.0
2022-07-08,0.0
2022-07-09,0.0
2022-07-10,0.0
2022-07-11,0.0
2022-07-12,0.0
2022-07-13,0.0
2022-07-14,0.0
2022-07-15,0.0
2022-07-16,0.0
2022-07-17,0.0
2022-07-18,0.0
2022-07-19,0.06
2022-07-20,3.0
2022-07-21,0.0
2022-07-22,0.26
2022-07-23,0.0
2022-07-24,0.0
2022-07-25,0.2
2022-07-26,0.0
2022-07-27,0.0
2022-07-28,0.0
2022-07-29,0.0
2022-07-30,0.0
2022-07-31,0.04
2022-08-01,0.0
2022-08-02,0.08
2022-08-03,0.01
2022-08-04,0.02
2022-08-05,0.0
2022-08-06,0.0
2022-08-07,0.0
2022-08-08,0.0
2022-08-09,0.0
2022-08-10,0.0
2022-08-11,0.01
2022-08-12,0.0
2022-08-13,0.0
2022-08-14,0.0
2022-08-15,0.0
2022-08-16,4.3
2022-08-17,3.39
2022-08-18,0.0
2022-08-19,0.0
2022-08-20,0.0
2022-08-21,0.0
2022-08-22,0.18
2022-08-23,0.01
2022-08-24,22.37
2022-08-25,0.34
2022-08-26,0.0
2022-08-27,0.0
2022-08-28,0.0
2022-08-29,0.0
2022-08-30,0.0
2022-08-31,0.0
2022-09-01,2.67
2022-09-02,0.37
2022-09-03,0.02
2022-09-04,5.96
2022-09-05,7.62
2022-09-06,13.39
2022-09-07,6.34
2022-09-08,24.3
2022-09-09,0.88
2022-09-10,0.03
2022-09-11,0.0
2022-09-12,0.0
2022-09-13,6.15
2022-09-14,0.0
2022-09-15,0.0
2022-09-16,0.0
2022-09-17,0.0
2022-09-18,0.0
2022-09-19,0.0
2022-09-20,0.0
2022-09-21,0.0
2022-09-22,3.12
2022-09-23,0.0
2022-09-24,0.0
2022-09-25,6.12
2022-09-26,0.65
2022-09-27,3.97
2022-09-28,0.0
2022-09-29,0.09
2022-09-30,7.77
2022-10-01,2.26
2022-10-02,0.02
2022-10-03,0.0
2022-10-04,0.11
2022-10-05,1.78
2022-10-06,0.05
2022-10-07,3.64
2022-10-08,0.0
2022-10-09,3.26
2022-10-10,0.01
2022-10-11,0.0
2022-10-12,2.13
2022-10-13,0.0
2022-10-14,0.6
2022-10-15,0.0
2022-10-16,9.76
2022-10-17,0.15
2022-10-18,0.0
2022-10-19,1.55
2022-10-20,2.48
2022-10-21,5.06
2022-10-22,14.8
2022-10-23,19.92
2022-10-24,0.52
2022-10-25,0.01
2022-10-26,0.84
2022-10-27,0.87
2022-10-28,2.52
2022-10-29,0.4
2022-10-30,0.25
2022-10-31,6.39
2022-11-01,4.02
2022-11-02,26.35
2022-11-03,4.59
2022-11-04,0.44
2022-11-05,8.6
2022-11-06,2.1
2022-11-07,7.59
2022-11-08,3.06
2022-11-09,0.0
2022-11-10,0.0
2022-11-11,0.0
2022-11-12,0.0
2022-11-13,0.26
2022-11-14,7.32
2022-11-15,16.48
2022-11-16,13.3
2022-11-17,0.01
2022-11-18,0.0
2022-11-19,4.9
2022-11-20,0.03
2022-11-21,9.26
2022-11-22,6.29
2022-11-23,2.23
2022-11-24,6.11
2022-11-25,0.0
2022-11-26,5.17
2022-11-27,0.22
2022-11-28,0.05
2022-11-29,0.0
2022-11-30,0.0
2022-12-01,0.22
2022-12-02,0.0
2022-12-03,0.19
2022-12-04,0.24
2022-12-05,0.0
2022-12-06,0.0
2022-12-07,0.0
2022-12-08,0.06
2022-12-09,0.0
2022-12-10,0.12
2022-12-11,0.0
2022-12-12,0.03
2022-12-13,0.3
2022-12-14,0.03
2022-12-15,0.0
2022-12-16,0.06
2022-12-17,0.02
2022-12-18,14.27
2022-12-19,10.16
2022-12-20,0.13
2022-12-21,0.07
2022-12-22,13.59
2022-12-23,1.53
2022-12-24,0.91
2022-12-25,1.65
2022-12-26,0.15
2022-12-27,6.52
2022-12-28,3.88
2022-12-29,1.52
2022-12-30,2.12
2022-12-31,15.9
2023-01-01,5.66
2023-01-02,0.24
2023-01-03,3.73
2023-01-04,0.66
2023-01-05,1.76
2023-01-06,2.65
2023-01-07,3.93
2023-01-08,11.87
2023-01-09,3.68
2023-01-10,2.97
2023-01-11,8.98
2023-01-12,1.02
2023-01-13,13.02
2023-01-14,1.36
2023-01-15,11.98
2023-01-16,0.0
2023-01-17,0.0
2023-01-18,0.18
2023-01-19,0.14
2023-01-20,0.0
2023-01-21,0.06
2023-01-22,0.0
2023-01-23,0.08
2023-01-24,0.0
2023-01-25,0.94
2023-01-26,0.04
2023-01-27,0.0
2023-01-28,0.0
2023-01-29,0.0
2023-01-30,0.0
2023-01-31,0.0
2023-02-01,0.0
2023-02-02,0.0
2023-02-03,0.0
2023-02-04,0.0
2023-02-05,0.0
2023-02-06,0.01
2023-02-07,0.03
2023-02-08,0.06
2023-02-09,0.0
2023-02-10,0.01
2023-02-11,0.0
2023-02-12,0.0
2023-02-13,0.24
2023-02-14,0.04
2023-02-15,0.44
2023-02-16,0.21
2023-02-17,0.0
2023-02-18,0.0
2023-02-19,0.0
2023-02-20,0.0
2023-02-21,1.94
2023-02-22,0.04
2023-02-23,0.0
2023-02-24,0.58
2023-02-25,0.01
2023-02-26,0.0
2023-02-27,0.0
2023-02-28,0.1
2023-03-01,0.05
2023-03-02,0.0
2023-03-03,0.0
2023-03-04,0.0
2023-03-05,0.04
2023-03-06,4.86
2023-03-07,1.03
2023-03-08,17.74
2023-03-09,8.36
2023-03-10,0.02
2023-03-11,2.25
2023-03-12,2.88
2023-03-13,1.84
2023-03-14,0.25
2023-03-15,6.07
2023-03-16,0.0
2023-03-17,2.97
2023-03-18,7.91
2023-03-19,0.04
2023-03-20,3.18
2023-03-21,3.03
2023-03-22,1.85
2023-03-23,3.93
2023-03-24,11.72
2023-03-25,7.31
2023-03-26,0.31
2023-03-27,0.49
2023-03-28,1.69
2023-03-29,2.23
2023-03-30,9.08
2023-03-31,41.48
2023-04-01,0.25
2023-04-02,0.0
2023-04-03,0.0
2023-04-04,0.0
2023-04-05,3.75
2023-04-06,0.63
2023-04-07,0.0
2023-04-08,0.0
2023-04-09,6.14
2023-04-10,0.55
2023-04-11,9.28
2023-04-12,3.36
2023-04-13,1.51
2023-04-14,6.02
2023-04-15,0.1
2023-04-16,0.08
2023-04-17,0.0
2023-04-18,0.0
2023-04-19,0.0
2023-04-20,1.67
2023-04-21,4.81
2023-04-22,0.52
2023-04-23,4.19
2023-04-24,6.55
2023-04-25,0.0
2023-04-26,0.0
2023-04-27,9.03
2023-04-28,0.0
2023-04-29,0.0
2023-04-30,0.05
2023-05-01,0.71
2023-05-02,0.0
2023-05-03,0.0
2023-05-04,0.31
2023-05-05,1.99
2023-05-06,0.5
2023-05-07,0.28
2023-05-08,0.13
2023-05-09,24.15
2023-05-10,1.34
2023-05-11,0.68
2023-05-12,0.38
2023-05-13,0.0
2023-05-14,3.63
2023-05-15,0.0
2023-05-16,0.0
2023-05-17,0.0
2023-05-18,0.0
2023-05-19,0.19
2023-05-20,0.0
2023-05-21,0.0
2023-05-22,0.0
2023-05-23,0.0
2023-05-24,0.0
2023-05-25,0.0
2023-05-26,0.0
2023-05-27,0.0
2023-05-28,0.0
2023-05-29,0.0
2023-05-30,0.0
2023-05-31,0.0
2023-06-01,0.0
2023-06-02,0.0
2023-06-03,0.0
2023-06-04,0.0
2023-06-05,0.0
2023-06-06,0.0
2023-06-07,0.0
2023-06-08,0.0
2023-06-09,0.0
2023-06-10,0.0
2023-06-11,22.61
2023-06-12,0.0
2023-06-13,0.0
2023-06-14,0.0
2023-06-15,0.0
2023-06-16,0.01
2023-06-17,0.1
2023-06-18,0.12
2023-06-19,16.32
2023-06-20,0.0
2023-06-21,0.0
2023-06-22,8.05
2023-06-23,0.05
2023-06-24,0.0
2023-06-25,0.0
2023-06-26,0.0
2023-06-27,0.0
2023-06-28,9.59
2023-06-29,0.0
2023-06-30,0.51
2023-07-01,0.0
2023-07-02,0.0
2023-07-03,0.04
2023-07-04,28.99
2023-07-05,0.0
2023-07-06,0.0
2023-07-07,2.21
2023-07-08,5.05
2023-07-09,0.0
2023-07-10,2.22
2023-07-11,0.65
2023-07-12,0.0
2023-07-13,0.85
2023-07-14,16.14
2023-07-15,5.16
2023-07-16,0.97
2023-07-17,0.03
2023-07-18,0.02
2023-07-19,0.0
2023-07-20,0.0
2023-07-21,0.06
2023-07-22,9.44
2023-07-23,6.22
2023-07-24,0.14
2023-07-25,0.0
2023-07-26,13.54
2023-07-27,0.06
2023-07-28,0.0
2023-07-29,0.15
2023-07-30,8.7
2023-07-31,1.55
2023-08-01,4.52
2023-08-02,19.91
2023-08-03,0.0
2023-08-04,3.41
2023-08-05,6.79
2023-08-06,0.49
2023-08-07,1.91
2023-08-08,3.84
2023-08-09,0.0
2023-08-10,0.0
2023-08-11,0.0
2023-08-12,0.27
2023-08-13,4.41
2023-08-14,0.24
2023-08-15,0.0
2023-08-16,0.0
2023-08-17,5.46
2023-08-18,4.94
2023-08-19,0.0
2023-08-20,0.0
2023-08-21,0.0
2023-08-22,0.0
2023-08-23,0.45
2023-08-24,0.0
2023-08-25,0.01
2023-08-26,2.51
2023-08-27,0.0
2023-08-28,0.0
2023-08-29,0.65
2023-08-30,0.1
2023-08-31,9.73
2023-09-01,0.27
2023-09-02,0.0
2023-09-03,0.0
2023-09-04,0.0
2023-09-05,0.0
2023-09-06,0.0
2023-09-07,0.0
2023-09-08,0.0
2023-09-09,0.0
2023-09-10,5.49
2023-09-11,0.0
2023-09-12,7.98
2023-09-13,0.0
2023-09-14,0.0
2023-09-15,0.0
2023-09-16,0.0
2023-09-17,22.3
2023-09-18,1.04
2023-09-19,0.0
2023-09-20,33.46
2023-09-21,4.06
2023-09-22,1.1
2023-09-23,0.0
2023-09-24,0.31
2023-09-25,0.08
2023-09-26,0.0
2023-09-27,0.33
2023-09-28,8.33
2023-09-29,0.0
2023-09-30,0.0
2023-10-01,0.0
2023-10-02,1.57
2023-10-03,0.0
2023-10-04,0.0
2023-10-05,0.0
2023-10-06,0.0
2023-10-07,0.0
2023-10-08,0.0
2023-10-09,0.04
2023-10-10,0.0
2023-10-11,5.8
2023-10-12,14.28
2023-10-13,5.42
2023-10-14,0.09
2023-10-15,0.0
2023-10-16,0.0
2023-10-17,0.0
2023-10-18,13.01
2023-10-19,20.63
2023-10-20,0.21
2023-10-21,12.08
2023-10-22,0.08
2023-10-23,1.53
2023-10-24,8.73
2023-10-25,3.93
2023-10-26,1.25
2023-10-27,0.41
2023-10-28,19.41
2023-10-29,6.94
2023-10-30,0.34
2023-10-31,8.37
2023-11-01,22.96
2023-11-02,5.73
2023-11-03,6.16
2023-11-04,1.31
2023-11-05,0.0
2023-11-06,0.67
2023-11-07,2.71
2023-11-08,2.67
2023-11-09,8.4
2023-11-10,0.49
2023-11-11,0.18
2023-11-12,16.65
2023-11-13,0.26
2023-11-14,7.86
2023-11-15,0.76
2023-11-16,2.69
2023-11-17,3.98
2023-11-18,0.28
2023-11-19,1.62
2023-11-20,0.0
2023-11-21,0.05
2023-11-22,0.0
2023-11-23,0.0
2023-11-24,0.03
2023-11-25,0.0
2023-11-26,6.75
2023-11-27,0.6
2023-11-28,0.0
2023-11-29,0.0
2023-11-30,0.02
2023-12-01,0.1
2023-12-02,0.37
2023-12-03,10.75
2023-12-04,7.43
2023-12-05,0.23
2023-12-06,2.52
2023-12-07,3.95
2023-12-08,8.98
2023-12-09,0.72
2023-12-10,3.54
2023-12-11,14.05
2023-12-12,3.21
2023-12-13,0.08
2023-12-14,0.31
2023-12-15,0.0
2023-12-16,0.0
2023-12-17,0.0
2023-12-18,4.85
2023-12-19,7.55
2023-12-20,0.01
2023-12-21,0.33
2023-12-22,0.0
2023-12-23,0.0
2023-12-24,0.56
2023-12-25,1.9
2023-12-26,1.46
2023-12-27,5.25
2023-12-28,3.68
2023-12-29,1.1
2023-12-30,13.59
2023-12-31,3.33
2024-01-01,9.59
2024-01-02,4.89
2024-01-03,1.42
2024-01-04,25.58
2024-01-05,0.64
2024-01-06,0.04
2024-01-07,0.0
2024-01-08,0.04
2024-01-09,0.0
2024-01-10,0.0
2024-01-11,0.0
2024-01-12,0.0
2024-01-13,0.0
2024-01-14,0.08
2024-01-15,0.0
2024-01-16,0.0
2024-01-17,0.0
2024-01-18,0.0
2024-01-19,0.07
2024-01-20,2.4
2024-01-21,20.02
2024-01-22,0.7
2024-01-23,1.58
2024-01-24,0.05
2024-01-25,1.44
2024-01-26,0.0
2024-01-27,0.08
2024-01-28,0.0
2024-01-29,0.03
2024-01-30,0.0
2024-01-31,0.1
2024-02-01,0.0
2024-02-02,0.0
2024-02-03,1.24
2024-02-04,0.23
2024-02-05,0.0
2024-02-06,12.59
2024-02-07,10.45
2024-02-08,22.37
2024-02-09,2.08
2024-02-10,0.93
2024-02-11,0.22
2024-02-12,0.03
2024-02-13,2.85
2024-02-14,1.77
2024-02-15,2.32
2024-02-16,0.25
2024-02-17,17.19
2024-02-18,0.1
2024-02-19,0.0
2024-02-20,1.54
2024-02-21,3.42
2024-02-22,11.34
2024-02-23,2.42
2024-02-24,0.51
2024-02-25,6.92
2024-02-26,0.0
2024-02-27,0.11
2024-02-28,1.82
2024-02-29,11.78
2024-03-01,8.54
2024-03-02,0.08
2024-03-03,0.0
2024-03-04,1.52
2024-03-05,0.0
2024-03-06,0.03
2024-03-07,0.0
2024-03-08,0.0
2024-03-09,2.87
2024-03-10,4.71
2024-03-11,9.5
2024-03-12,3.46
2024-03-13,0.01
2024-03-14,3.38
2024-03-15,1.43
2024-03-16,3.64
2024-03-17,0.42
2024-03-18,0.02
2024-03-19,1.26
2024-03-20,0.06
2024-03-21,0.05
2024-03-22,0.48
2024-03-23,1.25
2024-03-24,0.87
2024-03-25,0.06
2024-03-26,15.67
2024-03-27,10.76
2024-03-28,14.29
2024-03-29,0.37
2024-03-30,0.04
2024-03-31,1.51
2024-04-01,4.23
2024-04-02,7.74
2024-04-03,2.3
2024-04-04,5.61
2024-04-05,0.11
2024-04-06,0.03
2024-04-07,0.0
2024-04-08,3.74
2024-04-09,0.02
2024-04-10,1.65
2024-04-11,0.0
2024-04-12,0.0
2024-04-13,0.0
2024-04-14,1.47
2024-04-15,0.03
2024-04-16,2.06
2024-04-17,0.01
2024-04-18,1.18
2024-04-19,0.62
2024-04-20,0.0
2024-04-21,0.0
2024-04-22,1.91
2024-04-23,0.04
2024-04-24,0.0
2024-04-25,5.53
2024-04-26,2.79
2024-04-27,28.02
2024-04-28,0.75
2024-04-29,0.01
2024-04-30,0.04
2024-05-01,6.03
2024-05-02,1.97
2024-05-03,2.86
2024-05-04,0.01
2024-05-05,2.61
2024-05-06,7.27
2024-05-07,0.03
2024-05-08,0.0
2024-05-09,0.0
2024-05-10,0.0
2024-05-11,0.0
2024-05-12,0.0
2024-05-13,4.13
2024-05-14,1.76
2024-05-15,0.03
2024-05-16,13.45
2024-05-17,0.08
2024-05-18,0.0
2024-05-19,0.0
2024-05-20,0.28
2024-05-21,3.11
2024-05-22,16.53
2024-05-23,0.02
2024-05-24,0.02
2024-05-25,7.81
2024-05-26,4.84
2024-05-27,1.93
2024-05-28,2.16
2024-05-29,0.01
2024-05-30,3.38
2024-05-31,0.01
2024-06-01,0.0
2024-06-02,0.0
2024-06-03,0.0
2024-06-04,0.5
2024-06-05,0.0
2024-06-06,0.0
2024-06-07,0.0
2024-06-08,0.0
2024-06-09,2.67
2024-06-10,0.05
2024-06-11,0.31
2024-06-12,0.0
2024-06-13,3.57
2024-06-14,1.51
2024-06-15,3.73
2024-06-16,0.02
2024-06-17,0.0
2024-06-18,0.0
2024-06-19,0.0
2024-06-20,0.0
2024-06-21,0.62
2024-06-22,0.08
2024-06-23,0.0
2024-06-24,0.0
2024-06-25,0.0
2024-06-26,0.0
2024-06-27,0.01
2024-06-28,0.0
2024-06-29,0.49
2024-06-30,0.13
2024-07-01,0.0
2024-07-02,0.03
2024-07-03,0.0
2024-07-04,4.23
2024-07-05,24.49
2024-07-06,2.5
2024-07-07,13.78
2024-07-08,7.99
2024-07-09,1.87
2024-07-10,0.01
2024-07-11,0.0
2024-07-12,0.0
2024-07-13,0.0
2024-07-14,0.0
2024-07-15,17.85
2024-07-16,0.07
2024-07-17,0.01
2024-07-18,0.0
2024-07-19,0.0
2024-07-20,0.0
2024-07-21,0.0
2024-07-22,0.33
2024-07-23,0.03
2024-07-24,0.63
2024-07-25,0.13
2024-07-26,0.0
2024-07-27,0.0
2024-07-28,0.0
2024-07-29,0.01
2024-07-30,0.0
2024-07-31,0.55
2024-08-01,6.12
2024-08-02,0.23
2024-08-03,0.0
2024-08-04,0.0
2024-08-05,0.72
2024-08-06,1.04
2024-08-07,0.0
2024-08-08,0.98
2024-08-09,0.02
2024-08-10,0.0
2024-08-11,0.0
2024-08-12,0.0
2024-08-13,1.07
2024-08-14,6.25
2024-08-15,0.22
2024-08-16,0.01
2024-08-17,0.0
2024-08-18,0.0
2024-08-19,0.1
2024-08-20,0.29
2024-08-21,0.29
2024-08-22,1.08
2024-08-23,6.86
2024-08-24,6.73
2024-08-25,0.02
2024-08-26,0.0
2024-08-27,0.0
2024-08-28,0.0
2024-08-29,0.0
2024-08-30,0.0
2024-08-31,0.0
2024-09-01,0.36
2024-09-02,0.35
2024-09-03,0.01
2024-09-04,2.3
2024-09-05,22.72
2024-09-06,0.99
2024-09-07,10.56
2024-09-08,10.31
2024-09-09,0.04
2024-09-10,2.96
2024-09-11,0.4
2024-09-12,0.63
2024-09-13,0.0
2024-09-14,0.0
2024-09-15,0.27
2024-09-16,0.01
2024-09-17,0.0
2024-09-18,0.0
2024-09-19,0.0
2024-09-20,3.93
2024-09-21,4.77
2024-09-22,31.93
2024-09-23,11.82
2024-09-24,1.38
2024-09-25,16.67
2024-09-26,29.84
2024-09-27,2.33
2024-09-28,0.0
2024-09-29,10.07
2024-09-30,0.24
2024-10-01,6.8
2024-10-02,0.27
2024-10-03,0.0
2024-10-04,0.01
2024-10-05,0.57
2024-10-06,1.63
2024-10-07,7.29
2024-10-08,8.19
2024-10-09,0.98
2024-10-10,0.07
2024-10-11,0.01
2024-10-12,2.75
2024-10-13,11.96
2024-10-14,0.89
2024-10-15,3.53
2024-10-16,2.89
2024-10-17,0.2
2024-10-18,14.91
2024-10-19,1.55
2024-10-20,1.26
2024-10-21,0.54
2024-10-22,3.46
2024-10-23,0.15
2024-10-24,0.01
2024-10-25,0.62
2024-10-26,0.08
2024-10-27,0.2
2024-10-28,0.12
2024-10-29,0.0
2024-10-30,0.0
2024-10-31,0.0
2024-11-01,0.0
2024-11-02,0.0
2024-11-03,0.0
2024-11-04,0.0
2024-11-05,0.19
2024-11-06,0.23
2024-11-07,0.01
2024-11-08,0.0
2024-11-09,0.0
2024-11-10,0.0
2024-11-11,0.0
2024-11-12,0.01
2024-11-13,0.07
2024-11-14,0.0
2024-11-15,0.0
2024-11-16,0.29
2024-11-17,5.98
2024-11-18,15.23
2024-11-19,3.41
2024-11-20,0.12
2024-11-21,0.0
2024-11-22,0.76
2024-11-23,20.98
2024-11-24,14.44
2024-11-25,0.0
2024-11-26,12.89
2024-11-27,0.0
2024-11-28,0.11
2024-11-29,0.06
2024-11-30,1.45
2024-12-01,1.44
2024-12-02,0.0
2024-12-03,0.06
2024-12-04,6.84
2024-12-05,5.46
2024-12-06,5.99
2024-12-07,3.99
2024-12-08,2.99
2024-12-09,0.46
2024-12-10,0.0
2024-12-11,0.0
2024-12-12,1.74
2024-12-13,0.97
2024-12-14,0.0
2024-12-15,0.0
2024-12-16,0.18
2024-12-17,2.6
2024-12-18,3.31
2024-12-19,0.0
2024-12-20,1.85
2024-12-21,0.35
2024-12-22,0.0
2024-12-23,0.37
2024-12-24,0.16
2024-12-25,0.08
2024-12-26,0.3
2024-12-27,0.27
2024-12-28,0.04
2024-12-29,0.01
2024-12-30,0.0
2024-12-31,0.0
2025-01-01,9.26
2025-01-02,0.04
2025-01-03,0.17
2025-01-04,20.9
2025-01-05,13.76
2025-01-06,0.76
2025-01-07,0.04
2025-01-08,1.64
2025-01-09,0.01
2025-01-10,0.09
2025-01-11,0.05
2025-01-12,0.0
2025-01-13,0.0
2025-01-14,0.25
2025-01-15,0.17
2025-01-16,0.0
2025-01-17,0.0
2025-01-18,0.01
2025-01-19,0.69
2025-01-20,0.0
2025-01-21,0.0
2025-01-22,0.66
2025-01-23,15.15
2025-01-24,0.33
2025-01-25,0.0
2025-01-26,19.07
2025-01-27,6.17
2025-01-28,1.01
2025-01-29,0.0
2025-01-30,6.84
2025-01-31,1.23
2025-02-01,0.0
2025-02-02,0.18
2025-02-03,0.08
2025-02-04,0.48
2025-02-05,0.0
2025-02-06,0.03
2025-02-07,5.5
2025-02-08,1.26
2025-02-09,8.3
2025-02-10,1.11
2025-02-11,0.0
2025-02-12,0.0
2025-02-13,0.0
2025-02-14,0.0
2025-02-15,1.14
2025-02-16,0.0
2025-02-17,0.0
2025-02-18,0.0
2025-02-19,0.45
2025-02-20,2.42
2025-02-21,11.33
2025-02-22,0.02
2025-02-23,14.21
2025-02-24,7.43
2025-02-25,0.79
2025-02-26,9.68
2025-02-27,0.01
2025-02-28,0.0
2025-03-01,0.0
2025-03-02,0.01
2025-03-03,0.0
2025-03-04,0.03
2025-03-05,0.02
2025-03-06,0.0
2025-03-07,0.0
2025-03-08,0.0
2025-03-09,0.64
2025-03-10,0.06
2025-03-11,0.0
2025-03-12,0.81
2025-03-13,0.0
2025-03-14,0.0
2025-03-15,0.0
2025-03-16,0.0
2025-03-17,0.0
2025-03-18,0.0
2025-03-19,0.0
2025-03-20,0.0
2025-03-21,0.64
2025-03-22,0.04
2025-03-23,5.84
2025-03-24,0.0
2025-03-25,0.0
2025-03-26,0.03
2025-03-27,0.92
2025-03-28,0.0
2025-03-29,0.0
2025-03-30,0.0
2025-03-31,0.01
2025-04-01,0.0
2025-04-02,0.0
2025-04-03,0.0
2025-04-04,0.0
2025-04-05,0.0
2025-04-06,0.0
2025-04-07,0.0
2025-04-08,0.0
2025-04-09,0.0
2025-04-10,0.0
2025-04-11,0.0
2025-04-12,0.0
2025-04-13,2.07
2025-04-14,1.26
2025-04-15,0.46
2025-04-16,0.1
2025-04-17,0.0
2025-04-18,0.58
2025-04-19,0.0
2025-04-20,0.8
2025-04-21,0.72
2025-04-22,11.34
2025-04-23,0.03
2025-04-24,0.0
2025-04-25,0.0
2025-04-26,0.0
2025-04-27,0.01
2025-04-28,0.0
2025-04-29,0.0
2025-04-30,0.0
2025-05-01,0.0
2025-05-02,0.0
2025-05-03,0.0
2025-05-04,0.0
2025-05-05,0.0
2025-05-06,0.01
2025-05-07,0.0
2025-05-08,0.0
2025-05-09,0.0
2025-05-10,0.0
2025-05-11,9.57
2025-05-12,0.03
2025-05-13,0.0
2025-05-14,0.0
2025-05-15,0.0
2025-05-16,0.0
2025-05-17,0.0
2025-05-18,0.0
2025-05-19,0.0
2025-05-20,1.5
2025-05-21,2.46
2025-05-22,0.0
2025-05-23,5.25
2025-05-24,0.69
2025-05-25,0.0
2025-05-26,1.61
2025-05-27,5.4
2025-05-28,0.34
2025-05-29,0.0
2025-05-30,0.0
2025-05-31,0.0
2025-06-01,0.0
2025-06-02,0.76
2025-06-03,3.47
2025-06-04,1.79
2025-06-05,2.78
2025-06-06,2.71
2025-06-07,7.41
2025-06-08,0.0
2025-06-09,0.0
2025-06-10,0.0
2025-06-11,0.0
2025-06-12,4.18
2025-06-13,0.08
2025-06-14,0.0
2025-06-15,0.0
2025-06-16,0.0
2025-06-17,0.0
2025-06-18,0.0
2025-06-19,0.0
2025-06-20,0.05
2025-06-21,0.01
2025-06-22,0.0
2025-06-23,0.22
2025-06-24,0.0
2025-06-25,0.04
2025-06-26,2.26
2025-06-27,0.0
2025-06-28,0.0
2025-06-29,0.0
2025-06-30,0.0
2025-07-01,0.0
2025-07-02,0.0
2025-07-03,0.0
2025-07-04,0.0
2025-07-05,0.0
2025-07-06,3.26
2025-07-07,0.01
2025-07-08,0.0
2025-07-09,0.0
2025-07-10,0.0
2025-07-11,0.0
2025-07-12,0.0
2025-07-13,0.0
2025-07-14,0.38
2025-07-15,0.0
2025-07-16,0.0
2025-07-17,4.47
2025-07-18,6.35
2025-07-19,5.56
2025-07-20,0.09
2025-07-21,0.0
2025-07-22,0.01
2025-07-23,0.49
2025-07-24,0.1
2025-07-25,0.0
2025-07-26,0.59
2025-07-27,0.0
2025-07-28,0.22
2025-07-29,0.0
2025-07-30,2.28
2025-07-31,23.92
2025-08-01,0.0
2025-08-02,0.0
2025-08-03,0.39
2025-08-04,0.46
2025-08-05,0.0
2025-08-06,0.0
2025-08-07,0.0
2025-08-08,0.0
2025-08-09,0.0
2025-08-10,0.0
2025-08-11,1.8
2025-08-12,0.0
2025-08-13,0.0
2025-08-14,0.0
2025-08-15,0.0
2025-08-16,0.0
2025-08-17,0.0
2025-08-18,0.0
2025-08-19,0.0
2025-08-20,0.0
2025-08-21,0.0
2025-08-22,0.0
2025-08-23,0.0
2025-08-24,0.0
2025-08-25,0.04
2025-08-26,0.07
2025-08-27,3.04
2025-08-28,12.22
2025-08-29,10.32
2025-08-30,2.75
2025-08-31,0.08
2025-09-01,3.46
2025-09-02,13.89
2025-09-03,6.99
2025-09-04,0.98
2025-09-05,0.01
2025-09-06,0.01
2025-09-07,0.0
2025-09-08,0.01
2025-09-09,7.35
2025-09-10,1.67
2025-09-11,1.4
2025-09-12,0.4
2025-09-13,0.01
2025-09-14,11.71
2025-09-15,1.59
2025-09-16,1.06
2025-09-17,0.1
2025-09-18,0.0
2025-09-19,0.0
2025-09-20,0.48
2025-09-21,0.0
2025-09-22,0.0
2025-09-23,0.04
2025-09-24,0.0
2025-09-25,0.0
2025-09-26,0.43
2025-09-27,0.39
2025-09-28,1.44
2025-09-29,0.18
2025-09-30,0.0
2025-10-01,0.0
2025-10-02,2.55
2025-10-03,9.05
2025-10-04,0.0
2025-10-05,0.0
2025-10-06,0.0
2025-10-07,0.0
2025-10-08,0.0
2025-10-09,0.0
2025-10-10,0.0
2025-10-11,0.0
2025-10-12,0.38
2025-10-13,0.0
2025-10-14,0.07
2025-10-15,0.0
2025-10-16,0.0
2025-10-17,0.0
2025-10-18,0.35
2025-10-19,15.84
2025-10-20,9.21
2025-10-21,0.29
2025-10-22,11.66
2025-10-23,3.18
2025-10-24,0.24
2025-10-25,0.03
2025-10-26,0.34
2025-10-27,0.35
2025-10-28,0.01
2025-10-29,1.05
2025-10-30,0.33
2025-10-31,3.63
2025-11-01,3.25
2025-11-02,0.05
2025-11-03,0.0
2025-11-04,0.97
2025-11-05,0.33
2025-11-06,0.14
2025-11-07,0.37
2025-11-08,0.08
2025-11-09,7.58
2025-11-10,3.07
2025-11-11,5.45
2025-11-12,0.0
2025-11-13,8.01
2025-11-14,7.77
2025-11-15,0.05
2025-11-16,0.01
2025-11-17,0.0
2025-11-18,4.16
2025-11-19,1.18
2025-11-20,0.0
2025-11-21,1.04
2025-11-22,9.84
2025-11-23,0.53
2025-11-24,0.0
2025-11-25,0.0
2025-11-26,1.0
2025-11-27,0.46
2025-11-28,2.32
2025-11-29,2.01
2025-11-30,1.79
2025-12-01,2.71
2025-12-02,0.22
2025-12-03,1.63
2025-12-04,1.04
2025-12-05,7.49
2025-12-06,1.93
2025-12-07,3.02
2025-12-08,8.27
2025-12-09,1.14
2025-12-10,0.07
2025-12-11,0.15
2025-12-12,0.29
2025-12-13,0.19
2025-12-14,0.03
2025-12-15,4.1
2025-12-16,0.24
2025-12-17,4.51
2025-12-18,20.33
2025-12-19,0.05
2025-12-20,0.89
2025-12-21,0.96
2025-12-22,0.0
2025-12-23,0.0
2025-12-24,0.0
2025-12-25,0.0
2025-12-26,0.0
2025-12-27,0.0
2025-12-28,0.0
2025-12-29,0.0
2025-12-30,0.0
2025-12-31,0.08
2026-01-01,1.56
2026-01-02,0.09
2026-01-03,0.04
2026-01-04,0.05
2026-01-05,0.04
2026-01-06,6.12
2026-01-07,0.5
2026-01-08,22.73
2026-01-09,0.27
2026-01-10,0.02
2026-01-11,3.75
2026-01-12,0.62
2026-01-13,10.74
2026-01-14,2.9
2026-01-15,10.49
2026-01-16,3.21
2026-01-17,0.05
2026-01-18,0.11
2026-01-19,1.32
2026-01-20,7.56
2026-01-21,12.53
2026-01-22,5.76
2026-01-23,0.58
2026-01-24,3.55
2026-01-25,0.64
2026-01-26,12.58
2026-01-27,5.59
2026-01-28,0.11
2026-01-29,3.08
2026-01-30,5.26
2026-01-31,3.61
2026-02-01,3.31
2026-02-02,0.82
2026-02-03,12.21
2026-02-04,0.84
2026-02-05,12.26
2026-02-06,8.93
2026-02-07,0.57
2026-02-08,3.81
2026-02-09,0.85
2026-02-10,10.04
2026-02-11,0.56
2026-02-12,2.12
2026-02-13,0.09
2026-02-14,3.12
2026-02-15,9.25
2026-02-16,1.63
2026-02-17,0.01
2026-02-18,10.98
2026-02-19,0.01
2026-02-20,2.51
2026-02-21,0.81
2026-02-22,0.0
2026-02-23,0.0
2026-02-24,0.1
2026-02-25,0.0
2026-02-26,1.55
2026-02-27,2.28
2026-02-28,0.49
2026-03-01,0.17
2026-03-02,0.0
2026-03-03,0.0
2026-03-04,0.08
2026-03-05,0.01
2026-03-06,8.95
2026-03-07,0.0
2026-03-08,0.0
2026-03-09,0.01
2026-03-10,1.39
2026-03-11,0.0
2026-03-12,12.32
2026-03-13,0.34
2026-03-14,0.01
2026-03-15,1.98
2026-03-16,0.21
2026-03-17,0.01
2026-03-18,0.0
2026-03-19,0.0
2026-03-20,0.0
2026-03-21,0.0
2026-03-22,0.0
2026-03-23,0.0
2026-03-24,2.53
2026-03-25,0.8
2026-03-26,0.0
2026-03-27,0.73
2026-03-28,0.03
2026-03-29,0.63
2026-03-30,0.0
2026-03-31,0.0
2026-04-01,0.66
2026-04-02,0.0
2026-04-03,0.0
2026-04-04,0.42
2026-04-05,0.01
2026-04-06,0.0
2026-04-07,0.0
2026-04-08,0.0
2026-04-09,0.0
2026-04-10,0.06
2026-04-11,0.04
2026-04-12,0.7
2026-04-13,1.37
2026-04-14,0.0
2026-04-15,0.36
2026-04-16,0.0
2026-04-17,0.79
2026-04-18,0.05
2026-04-19,0.0
2026-04-20,0.0
2026-04-21,0.0
2026-04-22,0.0
2026-04-23,0.0
2026-04-24,0.0
2026-04-25,0.0
2026-04-26,0.0
2026-04-27,2.34
2026-04-28,0.02
2026-04-29,0.0
2026-04-30,0.0
2026-05-01,0.0
2026-05-02,3.16
2026-05-03,0.73
2026-05-04,0.03
2026-05-05,0.01
2026-05-06,0.0
2026-05-07,0.0
2026-05-08,0.0
2026-05-09,0.0
2026-05-10,0.0
2026-05-11,0.0
2026-05-12,0.0
2026-05-13,8.0
2026-05-14,2.33
2026-05-15,0.1
2026-05-16,1.39
2026-05-17,1.2
2026-05-18,0.3
2026-05-19,4.09
2026-05-20,0.6
2026-05-21,0.01
2026-05-22,0.01
2026-05-23,0.0
2026-05-24,0.0
2026-05-25,0.0
2026-05-26,0.0
2026-05-27,0.0
2026-05-28,0.0
2026-05-29,0.0
2026-05-30,0.0
2026-05-31,0.0
2026-06-01,10.48
2026-06-02,14.15
2026-06-03,3.44
2026-06-04,1.07
