date,flow_m3s
2024-01-01,186.304
2024-01-02,209.246
2024-01-03,228.044
2024-01-04,256.889
2024-01-05,287.064
2024-01-06,306.960
2024-01-07,333.850
2024-01-08,330.583
2024-01-09,322.478
2024-01-10,304.512
2024-01-11,278.545
2024-01-12,252.738
2024-01-13,218.036
2024-01-14,182.928
2024-01-15,161.036
2024-01-16,148.143
2024-01-17,129.368
2024-01-18,126.418
2024-01-19,112.011
2024-01-20,109.578
2024-01-21,106.928
2024-01-22,143.115
2024-01-23,157.621
2024-01-24,162.294
2024-01-25,149.574
2024-01-26,142.776
2024-01-27,129.568
2024-01-28,124.950
2024-01-29,111.948
2024-01-30,108.895
2024-01-31,100.407
2024-02-01,94.238
2024-02-02,87.687
2024-02-03,89.085
2024-02-04,87.459
2024-02-05,85.858
2024-02-06,85.755
2024-02-07,122.957
2024-02-08,161.570
2024-02-09,204.429
2024-02-10,225.801
2024-02-11,254.188
2024-02-12,262.317
2024-02-13,252.288
2024-02-14,236.286
2024-02-15,222.746
2024-02-16,201.798
2024-02-17,183.324
2024-02-18,199.748
2024-02-19,215.521
2024-02-20,227.620
2024-02-21,235.218
2024-02-22,246.134
2024-02-23,256.467
2024-02-24,264.914
2024-02-25,272.314
2024-02-26,272.594
2024-02-27,270.477
2024-02-28,260.002
2024-02-29,238.810
2024-03-01,226.273
2024-03-02,220.857
2024-03-03,223.793
2024-03-04,222.128
2024-03-05,210.816
2024-03-06,196.151
2024-03-07,179.091
2024-03-08,158.392
2024-03-09,143.250
2024-03-10,140.249
2024-03-11,141.620
2024-03-12,160.603
2024-03-13,177.731
2024-03-14,181.832
2024-03-15,180.020
2024-03-16,170.650
2024-03-17,163.670
2024-03-18,158.970
2024-03-19,159.337
2024-03-20,145.824
2024-03-21,138.599
2024-03-22,127.033
2024-03-23,120.706
2024-03-24,111.746
2024-03-25,109.518
2024-03-26,109.241
2024-03-27,129.774
2024-03-28,169.113
2024-03-29,195.611
2024-03-30,212.915
2024-03-31,217.649
2024-04-01,212.891
2024-04-02,212.648
2024-04-03,208.611
2024-04-04,193.684
2024-04-05,185.431
2024-04-06,179.239
2024-04-07,177.484
2024-04-08,172.016
2024-04-09,158.664
2024-04-10,141.905
2024-04-11,127.029
2024-04-12,120.755
2024-04-13,115.542
2024-04-14,104.643
2024-04-15,104.592
2024-04-16,98.408
2024-04-17,99.148
2024-04-18,94.822
2024-04-19,87.071
2024-04-20,84.906
2024-04-21,80.888
2024-04-22,78.825
2024-04-23,79.851
2024-04-24,80.660
2024-04-25,78.776
2024-04-26,77.353
2024-04-27,77.116
2024-04-28,108.497
2024-04-29,132.807
2024-04-30,122.043
2024-05-01,110.769
2024-05-02,104.883
2024-05-03,107.833
2024-05-04,110.183
2024-05-05,106.896
2024-05-06,89.221
2024-05-07,92.669
2024-05-08,91.963
2024-05-09,78.609
2024-05-10,74.326
2024-05-11,66.135
2024-05-12,65.883
2024-05-13,60.089
2024-05-14,61.373
2024-05-15,65.552
2024-05-16,64.536
2024-05-17,62.111
2024-05-18,57.011
2024-05-19,58.897
2024-05-20,52.672
2024-05-21,51.550
2024-05-22,67.248
2024-05-23,87.674
2024-05-24,80.607
2024-05-25,75.913
2024-05-26,70.203
2024-05-27,69.848
2024-05-28,62.575
2024-05-29,59.012
2024-05-30,60.883
2024-05-31,59.266
2024-06-01,48.839
2024-06-02,50.641
2024-06-03,50.791
2024-06-04,49.265
2024-06-05,48.115
2024-06-06,46.476
2024-06-07,43.268
2024-06-08,43.137
2024-06-09,41.005
2024-06-10,43.078
2024-06-11,42.071
2024-06-12,40.694
2024-06-13,39.608
2024-06-14,38.140
2024-06-15,43.534
2024-06-16,42.163
2024-06-17,41.350
2024-06-18,40.001
2024-06-19,36.791
2024-06-20,33.181
2024-06-21,33.700
2024-06-22,33.738
2024-06-23,33.515
2024-06-24,31.545
2024-06-25,30.318
2024-06-26,29.719
2024-06-27,30.028
2024-06-28,29.544
2024-06-29,29.414
2024-06-30,28.862
2024-07-01,28.437
2024-07-02,27.084
2024-07-03,26.818
2024-07-04,27.475
2024-07-05,31.156
2024-07-06,61.791
2024-07-07,44.106
2024-07-08,47.738
2024-07-09,47.993
2024-07-10,46.423
2024-07-11,42.073
2024-07-12,39.676
2024-07-13,33.221
2024-07-14,29.867
2024-07-15,33.059
2024-07-16,51.760
2024-07-17,37.592
2024-07-18,37.961
2024-07-19,34.821
2024-07-20,31.285
2024-07-21,31.101
2024-07-22,26.622
2024-07-23,28.606
2024-07-24,28.098
2024-07-25,26.919
2024-07-26,28.262
2024-07-27,27.790
2024-07-28,25.476
2024-07-29,24.754
2024-07-30,23.603
2024-07-31,23.817
2024-08-01,23.885
2024-08-02,27.997
2024-08-03,29.398
2024-08-04,27.205
2024-08-05,26.547
2024-08-06,24.543
2024-08-07,24.052
2024-08-08,23.591
2024-08-09,23.813
2024-08-10,22.385
2024-08-11,22.321
2024-08-12,22.453
2024-08-13,21.229
2024-08-14,21.378
2024-08-15,22.307
2024-08-16,22.478
2024-08-17,21.675
2024-08-18,21.657
2024-08-19,21.081
2024-08-20,21.100
2024-08-21,20.871
2024-08-22,20.560
2024-08-23,20.887
2024-08-24,25.516
2024-08-25,28.439
2024-08-26,23.956
2024-08-27,25.023
2024-08-28,23.932
2024-08-29,23.585
2024-08-30,23.231
2024-08-31,21.671
2024-09-01,19.287
2024-09-02,18.845
2024-09-03,19.968
2024-09-04,20.772
2024-09-05,24.196
2024-09-06,35.405
2024-09-07,34.870
2024-09-08,46.108
2024-09-09,39.659
2024-09-10,39.109
2024-09-11,28.703
2024-09-12,26.138
2024-09-13,29.710
2024-09-14,25.115
2024-09-15,22.285
2024-09-16,23.574
2024-09-17,22.892
2024-09-18,21.640
2024-09-19,21.041
2024-09-20,21.294
2024-09-21,26.450
2024-09-22,42.957
2024-09-23,88.341
2024-09-24,148.205
2024-09-25,165.356
2024-09-26,186.355
2024-09-27,207.119
2024-09-28,213.831
2024-09-29,205.104
2024-09-30,200.881
2024-10-01,201.277
2024-10-02,193.257
2024-10-03,169.034
2024-10-04,148.142
2024-10-05,130.139
2024-10-06,116.734
2024-10-07,113.877
2024-10-08,112.878
2024-10-09,134.817
2024-10-10,133.224
2024-10-11,131.380
2024-10-12,128.848
2024-10-13,128.000
2024-10-14,128.908
2024-10-15,130.106
2024-10-16,127.927
2024-10-17,127.135
2024-10-18,119.122
2024-10-19,128.415
2024-10-20,135.798
2024-10-21,131.890
2024-10-22,124.572
2024-10-23,124.972
2024-10-24,122.301
2024-10-25,116.379
2024-10-26,105.584
2024-10-27,96.462
2024-10-28,94.729
2024-10-29,89.785
2024-10-30,83.002
2024-10-31,75.198
2024-11-01,76.618
2024-11-02,72.677
2024-11-03,70.080
2024-11-04,67.252
2024-11-05,63.842
2024-11-06,60.411
2024-11-07,61.623
2024-11-08,57.444
2024-11-09,59.069
2024-11-10,57.163
2024-11-11,56.123
2024-11-12,52.722
2024-11-13,53.095
2024-11-14,48.768
2024-11-15,49.198
2024-11-16,49.107
2024-11-17,49.298
2024-11-18,52.290
2024-11-19,79.747
2024-11-20,92.215
2024-11-21,96.049
2024-11-22,85.206
2024-11-23,76.674
2024-11-24,127.352
2024-11-25,177.596
2024-11-26,198.909
2024-11-27,233.085
2024-11-28,258.367
2024-11-29,279.971
2024-11-30,281.803
2024-12-01,264.600
2024-12-02,244.858
2024-12-03,221.603
2024-12-04,190.502
2024-12-05,171.329
2024-12-06,167.463
2024-12-07,172.523
2024-12-08,176.788
2024-12-09,180.462
2024-12-10,185.490
2024-12-11,182.013
2024-12-12,175.497
2024-12-13,162.896
2024-12-14,148.161
2024-12-15,133.315
2024-12-16,119.083
2024-12-17,116.466
2024-12-18,111.326
2024-12-19,113.007
2024-12-20,122.200
2024-12-21,120.139
2024-12-22,115.362
2024-12-23,108.953
2024-12-24,104.904
2024-12-25,97.852
2024-12-26,87.042
2024-12-27,89.026
2024-12-28,85.546
2024-12-29,77.404
2024-12-30,79.769
2024-12-31,78.449
2025-01-01,88.298
2025-01-02,85.863
2025-01-03,106.500
2025-01-04,91.464
2025-01-05,128.618
2025-01-06,182.392
2025-01-07,201.601
2025-01-08,209.250
2025-01-09,202.484
2025-01-10,196.353
2025-01-11,164.912
2025-01-12,133.627
2025-01-13,123.013
2025-01-14,102.545
2025-01-15,106.598
2025-01-16,103.597
2025-01-17,97.150
2025-01-18,91.034
2025-01-19,89.728
2025-01-20,84.162
2025-01-21,81.834
2025-01-22,82.592
2025-01-23,87.260
2025-01-24,95.000
2025-01-25,120.573
2025-01-26,126.669
2025-01-27,161.019
2025-01-28,198.532
2025-01-29,215.675
2025-01-30,221.015
2025-01-31,215.357
2025-02-01,206.605
2025-02-02,189.004
2025-02-03,164.842
2025-02-04,142.184
2025-02-05,132.178
2025-02-06,111.824
2025-02-07,107.933
2025-02-08,113.017
2025-02-09,111.033
2025-02-10,142.939
2025-02-11,143.608
2025-02-12,142.528
2025-02-13,137.296
2025-02-14,113.306
2025-02-15,107.596
2025-02-16,103.788
2025-02-17,98.929
2025-02-18,97.584
2025-02-19,89.741
2025-02-20,90.367
2025-02-21,90.560
2025-02-22,104.041
2025-02-23,108.907
2025-02-24,128.288
2025-02-25,160.040
2025-02-26,178.141
2025-02-27,182.945
2025-02-28,175.709
2025-03-01,155.409
2025-03-02,137.434
2025-03-03,118.694
2025-03-04,97.845
2025-03-05,102.843
2025-03-06,95.242
2025-03-07,89.985
2025-03-08,88.308
2025-03-09,86.791
2025-03-10,80.522
2025-03-11,81.143
2025-03-12,76.823
2025-03-13,76.330
2025-03-14,74.487
2025-03-15,68.692
2025-03-16,71.247
2025-03-17,66.913
2025-03-18,66.167
2025-03-19,66.870
2025-03-20,65.615
2025-03-21,63.129
2025-03-22,63.945
2025-03-23,64.482
2025-03-24,65.513
2025-03-25,65.235
2025-03-26,57.098
2025-03-27,58.670
2025-03-28,59.292
2025-03-29,57.511
2025-03-30,55.653
2025-03-31,53.681
2025-04-01,50.109
2025-04-02,49.851
2025-04-03,49.706
2025-04-04,50.149
2025-04-05,49.150
2025-04-06,46.304
2025-04-07,44.960
2025-04-08,46.340
2025-04-09,45.102
2025-04-10,45.282
2025-04-11,45.319
2025-04-12,43.841
2025-04-13,43.615
2025-04-14,43.384
2025-04-15,43.593
2025-04-16,43.423
2025-04-17,42.899
2025-04-18,41.221
2025-04-19,38.489
2025-04-20,38.757
2025-04-21,39.546
2025-04-22,39.896
2025-04-23,48.158
2025-04-24,53.654
2025-04-25,44.392
2025-04-26,42.797
2025-04-27,31.991
2025-04-28,35.838
2025-04-29,35.944
2025-04-30,35.639
2025-05-01,34.797
2025-05-02,34.755
2025-05-03,33.370
2025-05-04,32.365
2025-05-05,31.175
2025-05-06,30.883
2025-05-07,30.309
2025-05-08,30.907
2025-05-09,30.798
2025-05-10,30.492
2025-05-11,28.165
2025-05-12,31.108
2025-05-13,30.199
2025-05-14,29.041
2025-05-15,28.331
2025-05-16,27.532
2025-05-17,23.739
2025-05-18,25.125
2025-05-19,25.260
2025-05-20,25.068
2025-05-21,24.626
2025-05-22,25.472
2025-05-23,25.545
2025-05-24,27.110
2025-05-25,26.346
2025-05-26,22.593
2025-05-27,26.676
2025-05-28,26.740
2025-05-29,25.573
2025-05-30,25.040
2025-05-31,24.436
2025-06-01,22.306
2025-06-02,20.328
2025-06-03,23.700
2025-06-04,24.195
2025-06-05,24.646
2025-06-06,26.990
2025-06-07,27.879
2025-06-08,26.872
2025-06-09,26.107
2025-06-10,24.364
2025-06-11,24.029
2025-06-12,22.980
2025-06-13,22.456
2025-06-14,22.096
2025-06-15,21.403
2025-06-16,19.727
2025-06-17,17.377
2025-06-18,19.212
2025-06-19,18.047
2025-06-20,18.090
2025-06-21,17.486
2025-06-22,17.486
2025-06-23,17.283
2025-06-24,16.946
2025-06-25,17.005
2025-06-26,16.813
2025-06-27,16.627
2025-06-28,16.690
2025-06-29,16.394
2025-06-30,16.215
2025-07-01,16.062
2025-07-02,15.502
2025-07-03,15.014
2025-07-04,13.682
2025-07-05,14.100
2025-07-06,15.450
2025-07-07,15.734
2025-07-08,15.539
2025-07-09,14.989
2025-07-10,14.540
2025-07-11,13.778
2025-07-12,13.259
2025-07-13,13.247
2025-07-14,13.239
2025-07-15,12.176
2025-07-16,12.485
2025-07-17,13.553
2025-07-18,14.111
2025-07-19,15.473
2025-07-20,16.294
2025-07-21,17.822
2025-07-22,16.032
2025-07-23,15.490
2025-07-24,15.196
2025-07-25,14.666
2025-07-26,14.671
2025-07-27,14.350
2025-07-28,14.158
2025-07-29,13.958
2025-07-30,14.198
2025-07-31,15.770
2025-08-01,17.348
2025-08-02,17.069
2025-08-03,15.633
2025-08-04,14.972
2025-08-05,14.836
2025-08-06,14.175
2025-08-07,13.520
2025-08-08,13.069
2025-08-09,11.896
2025-08-10,12.458
2025-08-11,12.088
2025-08-12,11.672
2025-08-13,11.635
2025-08-14,12.116
2025-08-15,11.748
2025-08-16,11.317
2025-08-17,11.497
2025-08-18,11.254
2025-08-19,11.316
2025-08-20,11.321
2025-08-21,11.257
2025-08-22,11.502
2025-08-23,11.185
2025-08-24,10.772
2025-08-25,10.943
2025-08-26,10.857
2025-08-27,11.110
2025-08-28,11.741
2025-08-29,17.293
2025-08-30,15.360
2025-08-31,15.265
