site,date,ec,ei,season,rain_24h,rain_48h,rain_72h,rain_7d,dry_days,max_rain_3d,teddington_level,cso_active_48h,cso_hours_48h,cso_active_monitors,cso_active_72h,cso_hours_72h
Walton Wharf,2024-05-21,780,68,spring,0.22,0.22,0.22,2.87,4,0.22,0.138,False,0.0,,False,0.0
Walton Wharf,2024-05-27,250,71,spring,0.08,6.71,6.71,24.33,1,6.63,0.088,True,48.0,"Amyand Park Road, Twickenham(48.0h)",True,72.0
Walton Wharf,2024-06-04,430,154,summer,0.0,0.0,0.0,1.98,7,0.0,0.137,False,0.0,,False,0.0
Walton Wharf,2024-06-10,340,90,summer,1.68,1.68,1.68,2.26,13,1.68,0.085,False,0.0,,False,0.0
Walton Wharf,2024-06-13,200,78,summer,0.0,0.11,0.17,1.85,14,0.11,0.086,False,0.0,,False,0.0
Walton Wharf,2024-06-17,420,114,summer,0.0,5.12,5.81,6.99,1,5.12,0.092,False,0.0,,False,0.0
Walton Wharf,2024-06-20,140,760,summer,0.0,0.0,0.0,6.82,4,0.0,0.063,False,0.0,,False,0.0
Walton Wharf,2024-06-24,480,92,summer,0.0,0.0,0.04,0.04,8,0.04,0.077,False,0.0,,False,0.0
Walton Wharf,2024-06-27,400,87,summer,0.0,0.0,0.0,0.04,11,0.0,0.076,False,0.0,,False,0.0
Walton Wharf,2024-07-01,150,56,summer,0.0,0.0,0.0,0.0,14,0.0,-0.001,False,0.0,,False,0.0
Walton Wharf,2024-07-04,280,68,summer,0.14,0.9,0.97,0.97,14,0.76,0.089,False,0.0,,False,0.0
Walton Wharf,2024-07-08,4300,400,summer,4.94,6.17,14.64,20.25,0,8.47,0.145,True,21.1,Leatherhead(3.5h); Windsor(17.6h),True,35.3
Walton Wharf,2024-07-09,510,102,summer,7.7,12.64,13.87,27.88,0,7.7,0.174,True,10.7,Leatherhead(3.5h); Windsor(7.2h),True,22.4
Walton Wharf,2024-07-10,500,440,summer,7.76,15.46,20.4,34.88,0,7.76,0.118,True,5.1,"Cobham Bridge, Adj Cobham PS(0.8h); Windsor(4.3h)",True,14.4
Walton Wharf,2024-07-11,480,440,summer,0.0,7.76,15.46,34.74,1,7.76,0.083,True,3.8,"Cobham Bridge, Adj Cobham PS(0.8h); Windsor(3.0h)",True,5.1
Walton Wharf,2024-07-15,390,107,summer,0.0,0.0,0.02,15.9,5,0.02,0.09,False,0.0,,False,0.0
Walton Wharf,2024-07-18,870,148,summer,0.01,7.38,25.57,26.01,1,18.19,0.126,True,0.5,Weybridge(0.5h),True,49.0
Walton Wharf,2024-07-22,2100,92,summer,0.0,0.09,0.09,25.66,5,0.09,0.058,False,0.0,,False,0.0
Walton Wharf,2024-07-25,240,103,summer,0.26,0.31,0.74,0.83,8,0.43,0.068,False,0.0,,False,0.0
Walton Wharf,2024-07-29,370,86,summer,0.0,0.0,0.0,1.42,12,0.0,0.073,False,0.0,,False,0.0
Walton Wharf,2024-08-01,270,38,summer,0.01,0.01,0.01,0.69,14,0.01,0.111,False,0.0,,False,0.0
Walton Wharf,2024-08-05,280,92,summer,0.0,0.0,0.0,3.75,3,0.0,0.122,False,0.0,,False,0.0
Walton Wharf,2024-08-08,320,,summer,0.0,4.2,4.2,7.94,1,4.2,0.12,False,0.0,,False,0.0
Walton Wharf,2024-08-15,220,68,summer,0.0,2.32,2.32,3.45,1,2.32,0.118,False,0.0,,False,0.0
Walton Wharf,2024-08-19,280,76,summer,0.0,0.0,0.0,6.19,3,0.0,0.105,False,0.0,,False,0.0
Walton Wharf,2024-08-27,2400,250,summer,0.0,0.0,9.12,13.92,2,9.12,0.088,False,0.0,,True,4.3
Walton Wharf,2024-08-29,230,57,summer,0.0,0.0,0.0,13.86,4,0.0,0.113,False,0.0,,False,0.0
Walton Wharf,2024-09-02,2300,290,autumn,0.0,0.0,0.0,0.0,8,0.0,0.067,False,0.0,,False,0.0
Walton Wharf,2024-09-06,3100,820,autumn,22.69,25.05,25.05,26.57,0,22.69,0.085,True,19.1,"Ripley(3.0h); Cobham Bridge, Adj Cobham PS(1.5h); Leatherhead(4.0h); Windsor(10.6h)",True,19.1
Walton Wharf,2024-09-09,1700,470,autumn,0.0,9.09,10.97,37.54,1,9.09,0.084,True,22.5,Ripley(1.5h); Weybridge(2.0h); Leatherhead(18.2h); River Lane(0.8h),True,30.7
Walton Wharf,2024-09-12,430,152,autumn,0.92,3.59,3.59,37.25,1,2.67,0.081,False,0.0,,False,0.0
Walton Wharf,2024-09-17,380,60,autumn,0.0,0.31,0.31,8.31,4,0.31,0.079,False,0.0,,False,0.0
Walton Wharf,2024-09-20,790,110,autumn,0.0,0.0,0.0,0.31,7,0.0,0.083,False,0.0,,False,0.0
Walton Wharf,2024-09-23,7100,2000,autumn,29.03,47.12,47.22,47.22,0,29.03,0.173,True,100.2,"Woking(9.0h); Ripley(9.5h); Weybridge(12.8h); Dartnell Park, Byfleet(6.1h); Cobham Bridge, Adj Cobham PS(12.2h); Stoke Road, Cobham(4.5h); Esher(7.5h); Leatherhead(13.8h); River Lane(1.0h); Little Marlow(4.3h); Windsor(19.6h)",True,100.2
Walton Wharf,2024-09-25,3300,,autumn,4.41,4.82,33.85,52.04,0,29.03,0.144,True,146.1,"Woking(1.5h); Ripley(2.5h); Weybridge(38.5h); Cobham Bridge, Adj Cobham PS(6.5h); Esher(11.5h); Leatherhead(36.5h); Little Marlow(5.7h); Windsor(43.4h)",True,243.8
Walton Wharf,2024-10-01,1100,440,autumn,0.47,5.07,5.07,42.47,1,4.6,0.168,True,87.1,Ripley(2.0h); Weybridge(30.8h); Leatherhead(20.2h); Windsor(34.1h),True,114.7
Walton Wharf,2024-10-15,4200,640,autumn,0.8,14.21,15.31,24.76,1,13.41,0.103,True,138.6,"Woking(15.8h); Ripley(17.8h); Weybridge(22.2h); Dartnell Park, Byfleet(5.3h); Cobham Bridge, Adj Cobham PS(16.5h); Stoke Road, Cobham(4.7h); Esher(15.8h); Leatherhead(29.2h); River Lane(2.8h); Windsor(8.6h)",True,138.6
Walton Wharf,2024-10-22,3600,610,autumn,0.0,1.39,1.39,10.96,3,1.39,0.01,False,0.0,,False,0.0
Walton Wharf,2024-10-28,470,91,autumn,0.8,0.84,1.16,1.18,9,0.8,0.081,False,0.0,,False,0.0
Walton Wharf,2024-11-12,2600,99,autumn,0.0,0.25,0.25,0.45,14,0.25,0.164,False,0.0,,False,0.0
Walton Wharf,2024-11-20,2200,1020,autumn,2.95,17.32,25.09,25.79,0,14.37,0.089,True,67.4,Weybridge(14.8h); Esher(3.5h); Leatherhead(18.0h); Windsor(31.2h),True,67.4
Walton Wharf,2024-11-27,3000,1080,autumn,22.21,22.21,31.23,37.64,0,22.21,0.098,True,168.5,"Woking(8.8h); Ripley(7.5h); Weybridge(48.0h); Dartnell Park, Byfleet(5.9h); Commonside(2.2h); Cobham Bridge, Adj Cobham PS(10.2h); Stoke Road, Cobham(4.9h); Esher(4.0h); Leatherhead(48.0h); River Lane(3.0h); Windsor(25.9h)",True,256.4
Walton Wharf,2024-12-31,410,0,winter,0.0,0.0,0.01,0.25,14,0.01,0.175,False,0.0,,False,0.0
Walton Wharf,2025-01-14,1400,510,winter,0.0,0.07,0.09,2.25,5,0.07,0.19,True,0.8,Weybridge(0.8h),True,4.5
Walton Wharf,2025-02-05,840,320,winter,0.02,0.09,0.25,6.58,5,0.16,0.128,True,4.6,Windsor(4.6h),True,28.7
Walton Wharf,2025-02-11,2300,450,winter,1.03,2.43,4.46,10.64,2,2.03,0.004,True,48.0,Windsor(48.0h),True,71.3
Walton Wharf,2025-02-14,1033,0,winter,0.0,0.0,0.0,10.38,5,0.0,0.162,True,48.0,Windsor(48.0h),True,72.0
Walton Wharf,2025-02-19,420,340,winter,0.0,0.0,0.0,0.51,10,0.0,0.178,True,48.0,Windsor(48.0h),True,72.0
Walton Wharf,2025-02-27,4800,990,winter,5.17,5.17,6.8,30.43,0,5.17,0.013,True,181.0,"Ripley(12.0h); Weybridge(48.0h); Cobham Bridge, Adj Cobham PS(17.8h); Esher(7.2h); Leatherhead(48.0h); Windsor(48.0h)",True,318.0
Walton Wharf,2025-03-05,500,92,spring,0.0,0.0,0.01,5.18,6,0.01,0.219,False,0.0,,False,0.0
Walton Wharf,2025-03-19,350,90,spring,0.0,0.0,0.1,3.6,5,0.1,0.249,False,0.0,,False,0.0
Walton Wharf,2025-04-01,270,39,spring,0.0,0.0,0.0,0.14,14,0.0,0.2,True,0.2,Windsor(0.2h),True,0.2
Walton Wharf,2025-04-08,600,49,spring,0.0,0.0,0.0,0.0,14,0.0,0.175,False,0.0,,False,0.0
Walton Wharf,2025-04-16,330,,spring,2.81,7.64,8.23,8.36,0,4.83,0.201,False,0.0,,False,0.0
Walton Wharf,2025-04-22,130,,spring,0.0,0.19,0.19,3.12,6,0.19,0.22,False,0.0,,False,0.0
Walton Wharf,2025-04-29,100,,spring,0.0,0.0,0.0,5.48,6,0.0,0.201,False,0.0,,False,0.0
Walton Wharf,2025-05-03,1200,,spring,3.32,3.32,3.32,3.32,0,3.32,0.192,True,1.0,Leatherhead(1.0h),True,1.0
Walton Wharf,2025-05-08,100,,spring,0.0,0.0,0.19,3.51,5,0.19,0.146,False,0.0,,False,0.0
Walton Wharf,2025-05-15,130,,spring,0.0,0.0,0.0,0.19,12,0.0,0.197,False,0.0,,False,0.0
Walton Wharf,2025-05-20,100,,spring,0.0,0.0,0.0,0.0,14,0.0,0.141,False,0.0,,False,0.0
Walton Wharf,2025-05-27,47,34,spring,1.04,1.04,1.08,13.16,3,1.04,0.177,False,0.0,,False,0.0
Walton Wharf,2025-06-03,78,26,summer,0.0,0.0,0.0,4.94,6,0.0,0.104,True,0.1,Windsor(0.1h),True,0.1
Walton Wharf,2025-06-05,300,,summer,4.76,6.29,6.29,6.29,0,4.76,0.148,False,0.0,,False,0.0
Walton Wharf,2025-06-12,340,61,summer,0.0,0.0,0.0,13.36,4,0.0,0.134,False,0.0,,False,0.0
Walton Wharf,2025-06-26,120,47,summer,0.11,0.11,0.17,0.21,14,0.11,0.107,False,0.0,,False,0.0
Walton Wharf,2025-07-03,35,,summer,0.13,0.66,0.66,2.57,14,0.53,0.072,False,0.0,,False,0.0
Walton Wharf,2025-07-10,500,102,summer,0.0,0.0,1.43,15.84,3,1.43,0.107,False,0.0,,False,0.0
Walton Wharf,2025-07-17,590,39,summer,0.0,1.75,1.75,3.38,10,1.75,0.114,True,48.0,Little Marlow(48.0h),True,72.0
Walton Wharf,2025-07-24,270,170,summer,0.01,1.33,4.77,41.92,2,3.44,0.105,False,0.0,,False,0.0
Walton Wharf,2025-07-31,260,63,summer,0.41,1.48,1.74,3.04,9,1.07,0.11,False,0.0,,False,0.0
Walton Wharf,2025-08-07,100,,summer,0.0,0.0,0.0,8.4,6,0.0,0.073,False,0.0,,False,0.0
Walton Wharf,2025-08-14,400,,summer,1.83,1.83,2.11,2.11,13,1.83,0.085,False,0.0,,False,0.0
Walton Wharf,2025-08-21,170,81,summer,0.0,0.0,0.0,0.0,14,0.0,0.099,False,0.0,,False,0.0
Walton Wharf,2025-08-27,62,101,summer,0.73,0.73,0.73,0.73,14,0.73,0.103,False,0.0,,False,0.0
Walton Wharf,2025-09-03,10000,,autumn,9.5,15.35,15.45,31.82,0,9.5,0.138,False,0.0,,False,0.0
Walton Wharf,2025-09-15,1700,,autumn,4.51,5.69,14.16,24.31,0,8.47,0.119,False,0.0,,False,0.0
Walton Wharf,2025-09-16,1100,,autumn,0.16,4.67,5.85,24.47,1,4.51,0.107,False,0.0,,False,0.0
Walton Wharf,2025-09-18,360,110,autumn,0.0,0.77,0.93,19.87,3,0.77,0.105,True,0.1,Windsor(0.1h),True,0.1
Walton Wharf,2025-09-25,310,112,autumn,0.0,0.0,0.0,0.06,10,0.0,0.111,False,0.0,,False,0.0
Walton Wharf,2025-10-07,300,,autumn,0.0,0.0,0.0,13.67,3,0.0,,True,0.5,Weybridge(0.5h),True,0.5
Walton Wharf,2025-10-14,650,,autumn,0.01,0.12,0.12,0.12,10,0.11,,False,0.0,,False,0.0
Walton Wharf,2025-10-16,900,,autumn,0.0,0.0,0.01,0.12,12,0.01,,False,0.0,,False,0.0
Walton Wharf,2025-10-21,3500,,autumn,6.87,19.7,19.7,19.7,0,12.83,,True,20.8,"Ripley(2.5h); Cobham Bridge, Adj Cobham PS(2.0h); Leatherhead(16.2h)",True,20.8
Walton Wharf,2025-10-28,850,,autumn,0.02,0.26,0.32,18.72,5,0.24,,False,0.0,,False,0.0
Walton Wharf,2025-11-04,650,,autumn,0.19,0.31,5.14,36.94,2,4.83,,True,17.5,Ripley(3.5h); Leatherhead(14.0h),True,54.8
Walton Wharf,2025-11-11,530,,autumn,4.27,5.87,5.87,8.61,0,4.27,,True,1.8,Windsor(1.8h),True,1.8
Walton Wharf,2025-11-18,1600,95,autumn,0.0,0.0,0.18,9.58,3,0.18,,False,0.0,,False,0.0
Walton Wharf,2025-11-25,1430,,autumn,0.13,2.03,14.24,18.66,2,12.21,,True,22.8,Ripley(9.0h); Leatherhead(13.8h),True,26.8
Walton Wharf,2025-12-05,1300,,winter,3.34,5.26,12.07,18.48,0,6.81,,True,119.0,"Ripley(33.8h); Cobham Bridge, Adj Cobham PS(2.5h); Stoke Road, Cobham(48.0h); Leatherhead(34.8h)",True,170.8
Walton Wharf,2025-12-10,1660,,winter,0.07,7.54,10.39,20.92,1,7.47,,True,117.5,"Ripley(32.2h); Cobham Bridge, Adj Cobham PS(1.8h); Stoke Road, Cobham(48.0h); Leatherhead(31.8h); Windsor(3.7h)",True,185.9
Walton Wharf,2025-12-16,300,,winter,0.0,0.03,0.12,0.24,7,0.09,,True,35.0,"Stoke Road, Cobham(35.0h)",True,59.0
Walton Wharf,2025-12-19,5400,,winter,14.9,19.22,19.84,19.96,0,14.9,,True,99.6,"Woking(9.5h); Ripley(21.2h); Cobham Bridge, Adj Cobham PS(13.2h); Stoke Road, Cobham(4.3h); Esher(9.0h); Leatherhead(22.2h); Little Marlow(5.2h); Windsor(14.9h)",True,99.6
Walton Wharf,2026-01-08,800,,winter,0.49,13.28,13.28,15.54,1,12.79,,True,52.0,"Woking(3.2h); Ripley(26.5h); Cobham Bridge, Adj Cobham PS(1.2h); Stoke Road, Cobham(0.2h); Leatherhead(20.8h)",True,52.0
Walton Wharf,2026-01-15,3100,,winter,0.68,13.22,13.79,34.86,1,12.54,,True,174.4,"Woking(6.2h); Ripley(48.0h); Cobham Bridge, Adj Cobham PS(9.8h); Esher(32.8h); Leatherhead(48.0h); Windsor(29.6h)",True,214.4
Walton Wharf,2026-01-23,3700,,winter,2.62,15.55,25.29,26.84,0,12.93,,True,320.9,"Woking(41.2h); Ripley(48.0h); Commonside(11.2h); Cobham Bridge, Adj Cobham PS(48.0h); Stoke Road, Cobham(27.2h); Esher(48.0h); Leatherhead(48.0h); River Lane(1.2h); Windsor(48.0h)",True,374.8
Walton Wharf,2026-03-05,400,,spring,0.13,0.13,0.13,5.25,5,0.13,,False,0.0,,True,3.5
Walton Wharf,2026-03-12,300,,spring,0.01,1.51,1.77,13.26,5,1.5,,True,2.0,"Cobham Bridge, Adj Cobham PS(2.0h)",True,5.5
Kingston Albany Reach,2024-04-15,460,120,spring,3.27,3.27,3.27,7.59,0,3.27,,True,48.0,Weybridge(48.0h),True,72.0
Kingston Albany Reach,2024-04-15,1300,350,spring,3.27,3.27,3.27,7.59,0,3.27,,True,48.0,Weybridge(48.0h),True,72.0
Kingston Albany Reach,2024-04-30,1900,300,spring,0.0,0.6,23.7,32.24,2,23.1,,True,202.8,"Ripley(11.8h); Weybridge(31.0h); Dartnell Park, Byfleet(0.2h); Cobham Bridge, Adj Cobham PS(5.2h); Stoke Road, Cobham(0.2h); Esher(38.8h); Leatherhead(38.2h); Kingston Main(48.0h); Little Marlow(10.3h); Windsor(19.1h)",True,306.2
Kingston Albany Reach,2024-05-08,1300,700,spring,0.0,6.05,6.64,16.3,1,6.05,0.156,True,124.5,Ripley(10.5h); Weybridge(0.8h); Esher(16.2h); Leatherhead(44.5h); Kingston Main(48.0h); Windsor(4.5h),True,150.2
Kingston Albany Reach,2024-05-10,450,79,spring,0.0,0.0,0.0,8.03,3,0.0,0.107,True,48.0,Kingston Main(48.0h),True,95.0
Kingston Albany Reach,2024-05-13,300,87,spring,0.0,0.0,0.0,6.05,6,0.0,0.174,True,48.0,Kingston Main(48.0h),True,72.0
Kingston Albany Reach,2024-05-17,520,71,spring,2.52,2.6,2.6,5.27,0,2.52,0.144,True,48.0,Kingston Main(48.0h),True,72.0
Kingston Albany Reach,2024-05-21,140,25,spring,0.22,0.22,0.22,2.87,4,0.22,0.138,False,0.0,,False,0.0
Kingston Albany Reach,2024-05-24,2000,114,spring,0.0,5.43,17.4,17.67,1,11.97,0.117,True,48.0,"Amyand Park Road, Twickenham(48.0h)",True,64.0
Kingston Albany Reach,2024-05-28,2400,160,spring,6.98,7.06,13.69,31.09,0,6.98,0.091,True,48.0,"Amyand Park Road, Twickenham(48.0h)",True,72.0
Kingston Albany Reach,2024-05-30,240,102,spring,0.0,1.11,8.09,14.8,2,6.98,0.187,True,20.8,"Amyand Park Road, Twickenham(20.8h)",True,44.8
Kingston Albany Reach,2024-06-03,430,64,summer,0.0,0.0,0.0,8.96,6,0.0,0.14,False,0.0,,False,0.0
Kingston Albany Reach,2024-06-06,380,106,summer,0.0,0.58,0.58,1.45,9,0.58,0.107,False,0.0,,False,0.0
Kingston Albany Reach,2024-06-12,180,62,summer,0.11,0.17,1.85,1.85,14,1.68,0.125,False,0.0,,False,0.0
Kingston Albany Reach,2024-06-13,720,123,summer,0.0,0.11,0.17,1.85,14,0.11,0.086,False,0.0,,False,0.0
Kingston Albany Reach,2024-06-17,260,51,summer,0.0,5.12,5.81,6.99,1,5.12,0.092,False,0.0,,False,0.0
Kingston Albany Reach,2024-06-20,1600,230,summer,0.0,0.0,0.0,6.82,4,0.0,0.063,False,0.0,,False,0.0
Kingston Albany Reach,2024-06-24,160,34,summer,0.0,0.0,0.04,0.04,8,0.04,0.077,False,0.0,,False,0.0
Kingston Albany Reach,2024-06-27,280,95,summer,0.0,0.0,0.0,0.04,11,0.0,0.076,False,0.0,,False,0.0
Kingston Albany Reach,2024-07-01,110,2,summer,0.0,0.0,0.0,0.0,14,0.0,-0.001,False,0.0,,False,0.0
Kingston Albany Reach,2024-07-04,550,142,summer,0.14,0.9,0.97,0.97,14,0.76,0.089,False,0.0,,False,0.0
Kingston Albany Reach,2024-07-09,910,,summer,7.7,12.64,13.87,27.88,0,7.7,0.174,True,10.7,Leatherhead(3.5h); Windsor(7.2h),True,22.4
Kingston Albany Reach,2024-07-11,1400,410,summer,0.0,7.76,15.46,34.74,1,7.76,0.083,True,3.8,"Cobham Bridge, Adj Cobham PS(0.8h); Windsor(3.0h)",True,5.1
Kingston Albany Reach,2024-07-15,290,54,summer,0.0,0.0,0.02,15.9,5,0.02,0.09,False,0.0,,False,0.0
Kingston Albany Reach,2024-07-18,3900,430,summer,0.01,7.38,25.57,26.01,1,18.19,0.126,True,0.5,Weybridge(0.5h),True,49.0
Kingston Albany Reach,2024-07-22,200,28,summer,0.0,0.09,0.09,25.66,5,0.09,0.058,False,0.0,,False,0.0
Kingston Albany Reach,2024-07-25,560,156,summer,0.26,0.31,0.74,0.83,8,0.43,0.068,False,0.0,,False,0.0
Kingston Albany Reach,2024-07-31,230,65,summer,0.0,0.0,0.0,0.94,14,0.0,0.109,False,0.0,,False,0.0
Kingston Albany Reach,2024-08-05,150,40,summer,0.0,0.0,0.0,3.75,3,0.0,0.122,False,0.0,,False,0.0
Kingston Albany Reach,2024-08-06,1200,124,summer,0.0,0.0,0.0,3.75,4,0.0,0.133,False,0.0,,False,0.0
Kingston Albany Reach,2024-08-14,2900,430,summer,2.32,2.32,2.32,3.45,0,2.32,0.119,False,0.0,,False,0.0
Kingston Albany Reach,2024-08-16,2500,540,summer,3.87,3.87,6.19,6.19,0,3.87,0.119,False,0.0,,False,0.0
Kingston Albany Reach,2024-08-23,950,530,summer,0.76,0.82,0.82,0.89,7,0.76,0.114,False,0.0,,False,0.0
Kingston Albany Reach,2024-08-27,850,150,summer,0.0,0.0,9.12,13.92,2,9.12,0.088,False,0.0,,True,4.3
Kingston Albany Reach,2024-08-30,1300,127,summer,0.0,0.0,0.0,13.1,5,0.0,0.105,False,0.0,,False,0.0
Kingston Albany Reach,2024-09-07,4100,1550,autumn,1.88,24.57,26.93,28.45,1,22.69,0.09,True,27.3,"Ripley(3.0h); Cobham Bridge, Adj Cobham PS(1.5h); Leatherhead(11.8h); Windsor(11.0h)",True,27.3
Kingston Albany Reach,2025-04-11,210,124,spring,0.0,0.0,0.0,0.0,14,0.0,0.19,True,0.1,Windsor(0.1h),True,0.1
Kingston Albany Reach,2025-05-13,37,4,spring,0.0,0.19,0.19,0.19,10,0.19,0.221,False,0.0,,False,0.0
Kingston Albany Reach,2025-05-22,100,100,spring,3.82,7.28,7.28,7.28,0,3.82,0.158,False,0.0,,False,0.0
Kingston Albany Reach,2025-05-30,8,6,spring,0.0,0.01,4.94,10.82,2,4.93,0.11,False,0.0,,False,0.0
Kingston Albany Reach,2025-06-09,430,64,summer,0.0,8.11,10.32,19.65,1,8.11,0.181,True,0.5,Leatherhead(0.5h),True,0.8
Kingston Albany Reach,2025-06-11,100,39,summer,0.0,0.0,0.0,18.12,3,0.0,0.136,False,0.0,,False,0.0
Kingston Albany Reach,2025-07-09,83,19,summer,0.0,1.43,15.19,15.97,2,13.76,0.128,False,0.0,,True,6.0
Kingston Albany Reach,2025-07-24,100,43,summer,0.01,1.33,4.77,41.92,2,3.44,0.105,False,0.0,,False,0.0
Kingston Albany Reach,2025-08-07,100,63,summer,0.0,0.0,0.0,8.4,6,0.0,0.073,False,0.0,,False,0.0
Kingston Albany Reach,2025-08-15,100,100,summer,0.0,1.83,1.83,2.11,14,1.83,0.084,False,0.0,,False,0.0
Ditton's Bend,2025-10-16,300,,autumn,0.0,0.0,0.01,0.12,12,0.01,,False,0.0,,False,0.0
Ditton's Bend,2025-10-22,1100,,autumn,0.0,6.87,19.7,19.7,1,12.83,,True,15.2,Ripley(2.5h); Leatherhead(12.8h),True,20.8
Ditton's Bend,2025-10-30,766,,autumn,7.64,7.64,7.66,7.96,0,7.64,,False,0.0,,False,0.0
Ditton's Bend,2025-11-07,200,,autumn,0.12,0.16,0.2,29.1,5,0.12,,False,0.0,,False,0.0
Ditton's Bend,2025-11-14,700,,autumn,4.9,4.9,6.05,14.46,0,4.9,,False,0.0,,False,0.0
Ditton's Bend,2025-11-20,1000,,autumn,2.01,4.33,4.33,12.76,0,2.32,,False,0.0,,False,0.0
Ditton's Bend,2025-11-28,500,,autumn,0.22,0.64,0.64,14.96,5,0.42,,True,12.0,"Stoke Road, Cobham(12.0h)",True,12.0
Ditton's Bend,2025-12-05,4300,,winter,3.34,5.26,12.07,18.48,0,6.81,,True,119.0,"Ripley(33.8h); Cobham Bridge, Adj Cobham PS(2.5h); Stoke Road, Cobham(48.0h); Leatherhead(34.8h)",True,170.8
Ditton's Bend,2025-12-10,2130,,winter,0.07,7.54,10.39,20.92,1,7.47,,True,117.5,"Ripley(32.2h); Cobham Bridge, Adj Cobham PS(1.8h); Stoke Road, Cobham(48.0h); Leatherhead(31.8h); Windsor(3.7h)",True,185.9
Ditton's Bend,2025-12-19,12530,,winter,14.9,19.22,19.84,19.96,0,14.9,,True,99.6,"Woking(9.5h); Ripley(21.2h); Cobham Bridge, Adj Cobham PS(13.2h); Stoke Road, Cobham(4.3h); Esher(9.0h); Leatherhead(22.2h); Little Marlow(5.2h); Windsor(14.9h)",True,99.6
Ditton's Bend,2025-12-26,970,,winter,0.0,0.0,0.0,4.2,4,0.0,,False,0.0,,False,0.0
Ditton's Bend,2026-01-06,770,,winter,0.0,0.0,0.0,2.28,14,0.0,,False,0.0,,True,1.0
Ditton's Bend,2026-01-14,3200,,winter,12.54,13.11,17.07,34.67,0,12.54,,True,138.8,"Woking(6.2h); Ripley(46.5h); Cobham Bridge, Adj Cobham PS(9.8h); Esher(14.8h); Leatherhead(41.5h); Windsor(20.0h)",True,176.5
Ditton's Bend,2026-01-29,2430,,winter,0.04,2.53,9.1,21.02,1,6.57,,True,226.1,"Woking(22.0h); Ripley(48.0h); Cobham Bridge, Adj Cobham PS(48.0h); Stoke Road, Cobham(3.6h); Esher(10.5h); Leatherhead(48.0h); Windsor(46.0h)",True,300.7
Ditton's Bend,2026-02-19,2930,,winter,4.24,4.24,5.7,19.24,0,4.24,,True,123.5,Ripley(48.0h); Leatherhead(31.2h); Windsor(44.3h),True,209.1
Ditton's Bend,2026-02-26,530,,winter,0.01,0.08,0.08,3.52,4,0.07,,True,19.2,Ripley(17.2h); Windsor(1.9h),True,44.1
Ditton's Bend,2026-03-13,330,,spring,4.84,4.85,6.35,18.07,0,4.84,,True,11.5,"Cobham Bridge, Adj Cobham PS(2.0h); Stoke Road, Cobham(0.1h); Windsor(9.4h)",True,11.5
Chertsey,2024-06-10,460,98,summer,1.68,1.68,1.68,2.26,13,1.68,0.085,False,0.0,,False,0.0
Chertsey,2024-06-27,73,49,summer,0.0,0.0,0.0,0.04,11,0.0,0.076,False,0.0,,False,0.0
Chertsey,2024-07-02,92,35,summer,0.07,0.07,0.07,0.07,14,0.07,0.059,False,0.0,,False,0.0
Chertsey,2024-07-08,6200,520,summer,4.94,6.17,14.64,20.25,0,8.47,0.145,True,21.1,Leatherhead(3.5h); Windsor(17.6h),True,35.3
Chertsey,2024-07-10,2300,200,summer,7.76,15.46,20.4,34.88,0,7.76,0.118,True,5.1,"Cobham Bridge, Adj Cobham PS(0.8h); Windsor(4.3h)",True,14.4
Chertsey,2024-07-12,170,67,summer,0.42,0.42,8.18,30.52,2,7.76,0.161,False,0.0,,True,3.8
Chertsey,2024-07-24,140,46,summer,0.05,0.48,0.48,0.58,7,0.43,0.07,False,0.0,,False,0.0
Chertsey,2024-09-06,700,570,autumn,22.69,25.05,25.05,26.57,0,22.69,0.085,True,19.1,"Ripley(3.0h); Cobham Bridge, Adj Cobham PS(1.5h); Leatherhead(4.0h); Windsor(10.6h)",True,19.1
Chertsey,2024-09-18,120,41,autumn,0.0,0.0,0.31,5.64,5,0.31,0.074,False,0.0,,False,0.0
Chertsey,2025-12-15,500,,winter,0.03,0.12,0.12,7.71,6,0.09,,True,48.0,"Stoke Road, Cobham(48.0h)",True,72.0
Chertsey,2025-12-19,2600,,winter,14.9,19.22,19.84,19.96,0,14.9,,True,99.6,"Woking(9.5h); Ripley(21.2h); Cobham Bridge, Adj Cobham PS(13.2h); Stoke Road, Cobham(4.3h); Esher(9.0h); Leatherhead(22.2h); Little Marlow(5.2h); Windsor(14.9h)",True,99.6
Chertsey,2026-01-14,3000,,winter,12.54,13.11,17.07,34.67,0,12.54,,True,138.8,"Woking(6.2h); Ripley(46.5h); Cobham Bridge, Adj Cobham PS(9.8h); Esher(14.8h); Leatherhead(41.5h); Windsor(20.0h)",True,176.5
Teddington,2024-03-19,910,110,spring,0.02,1.61,3.71,13.91,2,2.1,,True,71.9,Weybridge(20.2h); Esher(34.0h); Windsor(17.7h),True,98.7
Teddington,2024-05-20,190,25,spring,0.0,0.0,0.05,5.32,3,0.05,0.194,False,0.0,,True,2.5
Teddington,2024-06-24,67,37,summer,0.0,0.0,0.04,0.04,8,0.04,0.077,False,0.0,,False,0.0
Teddington,2024-07-08,250,90,summer,4.94,6.17,14.64,20.25,0,8.47,0.145,True,21.1,Leatherhead(3.5h); Windsor(17.6h),True,35.3
Teddington,2024-07-17,1700,210,summer,7.37,25.56,25.56,26.0,0,18.19,0.125,True,49.0,"Woking(5.0h); Ripley(2.5h); Weybridge(12.2h); Dartnell Park, Byfleet(6.9h); Cobham Bridge, Adj Cobham PS(4.8h); Stoke Road, Cobham(1.7h); Esher(6.2h); Leatherhead(5.2h); River Lane(0.8h); Windsor(3.7h)",True,49.0
Teddington,2024-08-19,200,86,summer,0.0,0.0,0.0,6.19,3,0.0,0.105,False,0.0,,False,0.0
Teddington,2025-07-02,190,10,summer,0.53,0.53,0.53,2.55,14,0.53,0.071,False,0.0,,False,0.0
Teddington,2025-07-10,1000,130,summer,0.0,0.0,1.43,15.84,3,1.43,0.107,False,0.0,,False,0.0
Teddington,2025-07-16,1000,10,summer,1.75,1.75,3.38,3.38,9,1.75,0.093,True,48.0,Little Marlow(48.0h),True,48.7
Teddington,2025-07-20,1000,1000,summer,18.17,33.71,36.74,40.12,0,18.17,0.142,True,59.0,Leatherhead(11.0h); Little Marlow(48.0h),True,83.0
Teddington,2025-08-07,530,160,summer,0.0,0.0,0.0,8.4,6,0.0,0.073,False,0.0,,False,0.0
Kingston HMT,2024-04-15,650,120,spring,3.27,3.27,3.27,7.59,0,3.27,,True,48.0,Weybridge(48.0h),True,72.0
Kingston HMT,2024-04-30,1100,410,spring,0.0,0.6,23.7,32.24,2,23.1,,True,202.8,"Ripley(11.8h); Weybridge(31.0h); Dartnell Park, Byfleet(0.2h); Cobham Bridge, Adj Cobham PS(5.2h); Stoke Road, Cobham(0.2h); Esher(38.8h); Leatherhead(38.2h); Kingston Main(48.0h); Little Marlow(10.3h); Windsor(19.1h)",True,306.2
Kingston HMT,2024-05-13,390,64,spring,0.0,0.0,0.0,6.05,6,0.0,0.174,True,48.0,Kingston Main(48.0h),True,72.0
Kingston HMT,2024-05-21,93,22,spring,0.22,0.22,0.22,2.87,4,0.22,0.138,False,0.0,,False,0.0
Kingston HMT,2024-05-28,500,170,spring,6.98,7.06,13.69,31.09,0,6.98,0.091,True,48.0,"Amyand Park Road, Twickenham(48.0h)",True,72.0
Kingston HMT,2024-06-03,160,54,summer,0.0,0.0,0.0,8.96,6,0.0,0.14,False,0.0,,False,0.0
Kingston HMT,2024-06-12,300,61,summer,0.11,0.17,1.85,1.85,14,1.68,0.125,False,0.0,,False,0.0
Kingston HMT,2024-06-17,240,31,summer,0.0,5.12,5.81,6.99,1,5.12,0.092,False,0.0,,False,0.0
Kingston HMT,2024-06-24,210,32,summer,0.0,0.0,0.04,0.04,8,0.04,0.077,False,0.0,,False,0.0
Kingston HMT,2024-07-01,220,50,summer,0.0,0.0,0.0,0.0,14,0.0,-0.001,False,0.0,,False,0.0
Kingston HMT,2024-07-09,480,,summer,7.7,12.64,13.87,27.88,0,7.7,0.174,True,10.7,Leatherhead(3.5h); Windsor(7.2h),True,22.4
Kingston HMT,2024-07-15,180,39,summer,0.0,0.0,0.02,15.9,5,0.02,0.09,False,0.0,,False,0.0
Kingston HMT,2024-07-22,170,23,summer,0.0,0.09,0.09,25.66,5,0.09,0.058,False,0.0,,False,0.0
Kingston HMT,2024-08-05,88,25,summer,0.0,0.0,0.0,3.75,3,0.0,0.122,False,0.0,,False,0.0
Kingston HMT,2024-08-27,360,180,summer,0.0,0.0,9.12,13.92,2,9.12,0.088,False,0.0,,True,4.3
Kingston HMT,2025-05-13,52,5,spring,0.0,0.19,0.19,0.19,10,0.19,0.221,False,0.0,,False,0.0
Kingston HMT,2025-05-22,68,25,spring,3.82,7.28,7.28,7.28,0,3.82,0.158,False,0.0,,False,0.0
Kingston HMT,2025-05-30,9,1,spring,0.0,0.01,4.94,10.82,2,4.93,0.11,False,0.0,,False,0.0
Kingston HMT,2025-06-11,100,34,summer,0.0,0.0,0.0,18.12,3,0.0,0.136,False,0.0,,False,0.0
Kingston HMT,2025-07-09,31,11,summer,0.0,1.43,15.19,15.97,2,13.76,0.128,False,0.0,,True,6.0
Kingston HMT,2025-07-16,460,79,summer,1.75,1.75,3.38,3.38,9,1.75,0.093,True,48.0,Little Marlow(48.0h),True,48.7
Kingston HMT,2025-07-24,100,6,summer,0.01,1.33,4.77,41.92,2,3.44,0.105,False,0.0,,False,0.0
Kingston HMT,2025-08-07,100,48,summer,0.0,0.0,0.0,8.4,6,0.0,0.073,False,0.0,,False,0.0
Kingston HMT,2025-08-15,100,72,summer,0.0,1.83,1.83,2.11,14,1.83,0.084,False,0.0,,False,0.0
Chertsey,2025-09-16,165,,autumn,0.16,4.67,5.85,24.47,1,4.51,,False,0.0,,False,0.0
Chertsey,2025-09-18,170,,autumn,0.0,0.77,0.93,19.87,3,0.77,,True,0.1,Windsor(0.1h),True,0.1
Chertsey,2026-04-09,100,,spring,0.0,0.0,0.0,0.21,14,0.0,,False,0.0,,False,0.0
Ditton's Bend,2026-03-27,470,,spring,0.0,0.68,1.92,1.93,14,1.24,,False,0.0,,False,0.0
Ditton's Bend,2026-04-11,30,,spring,0.05,0.05,0.05,0.17,14,0.05,,False,0.0,,False,0.0
Ditton's Bend,2026-04-20,370,,spring,0.0,0.0,0.31,2.1,14,0.31,,False,0.0,,False,0.0
Ditton's Bend,2026-05-04,30,,spring,0.0,0.94,0.94,0.94,14,0.94,,False,0.0,,False,0.0
Kingston Albany Reach,2025-05-12,350,,spring,0.19,0.19,0.19,0.38,9,0.19,,False,0.0,,False,0.0
Kingston Albany Reach,2025-06-18,84,,summer,0.0,0.0,0.0,1.58,10,0.0,,False,0.0,,False,0.0
Kingston Albany Reach,2025-07-01,220,,summer,0.0,0.0,0.0,2.02,14,0.0,,False,0.0,,False,0.0
Kingston Albany Reach,2025-07-07,10000,,summer,13.76,14.41,14.41,15.07,0,13.76,,True,6.0,Leatherhead(6.0h),True,6.0
Kingston Albany Reach,2026-04-24,310,26,spring,0.0,0.0,0.0,0.31,14,0.0,,False,0.0,,False,0.0
Kingston Albany Reach,2026-05-01,86,27,spring,0.0,0.0,0.0,0.0,14,0.0,,False,0.0,,False,0.0
Kingston Albany Reach,2026-05-08,770,28,spring,0.0,0.0,0.0,1.05,14,0.0,,False,0.0,,False,0.0
Walton Wharf,2025-09-17,470,,autumn,0.77,0.93,5.44,25.24,2,4.51,,False,0.0,,False,0.0
Walton Wharf,2026-03-19,300,,spring,0.0,0.0,0.01,6.75,6,0.01,,False,0.0,,False,0.0
Walton Wharf,2026-03-26,160,,spring,0.68,1.92,1.92,1.93,13,1.24,,False,0.0,,False,0.0
Walton Wharf,2026-04-03,300,,spring,0.08,0.22,0.22,1.54,14,0.14,,False,0.0,,False,0.0
Walton Wharf,2026-04-09,170,,spring,0.0,0.0,0.0,0.21,14,0.0,,False,0.0,,False,0.0
Walton Wharf,2026-04-11,360,,spring,0.05,0.05,0.05,0.17,14,0.05,,False,0.0,,False,0.0
Walton Wharf,2026-04-22,300,,spring,0.0,0.0,0.0,0.69,14,0.0,,False,0.0,,False,0.0
Walton Wharf,2026-04-29,70,,spring,0.0,0.0,0.0,0.0,14,0.0,,False,0.0,,False,0.0
